batch,scenario_id,category,model_name,deterministic_grade,error_tags,failed_fields,bertscore_no_final_f1,bertscore_full_f1,human_label_if_available,source_run_id
V2,COS_CMB_001,Cosmology,Mistral NeMo 12B,FAIL,log10_energy_ratio:MISMATCH;log10_number_ratio:MISMATCH,log10_energy_ratio;log10_number_ratio,0.9728729128837585,0.7031574845314026,,5bde406e-bcbd-4d75-9974-030635a1f45a
V2,SR_ROCKET_001,Special Relativity,Mistral Small 3.2 24B Instruct,FAIL,distance_ly:MISMATCH;final_beta:MISMATCH;lab_time_yr:MISMATCH,distance_ly;final_beta;lab_time_yr,0.9719769358634949,0.7673898935317993,,8dd9d539-5113-456a-ad1b-2987c0bf85c9
V4,SR_TWIN_001,Special Relativity,Gemma 3 27B IT,FAIL,earth_time_yr:MISMATCH;traveler_time_yr:MISMATCH,earth_time_yr;traveler_time_yr,0.9658753871917725,0.7089493274688721,,e393f274-ca90-4884-a598-72d0a544a214
V2,SR_ROCKET_001,Special Relativity,Gemma 3 27B IT,FAIL,distance_ly:MISMATCH;final_beta:MISMATCH;lab_time_yr:MISMATCH,distance_ly;final_beta;lab_time_yr,0.9652096629142761,0.7569486498832703,,0fdbc6f7-aa2f-4d13-85e3-1de67d52d0f1
V5,GR_CHIRP_001,General Relativity,Mistral Small 3.2 24B Instruct,FAIL,chirp_mass_msun:MISMATCH;each_mass_msun:MISMATCH;total_mass_msun:MISMATCH,chirp_mass_msun;each_mass_msun;total_mass_msun,0.9539243578910828,0.7747526168823242,,6829aa30-fc54-4ffc-9602-72f72f6cd43d
V4,COS_DESITTER_001,Cosmology,Mistral Small 3.2 24B Instruct,FAIL,efolds_to_gh:MISMATCH;gh_temp_e30_K:MISMATCH;horizon_gpc:MISMATCH,efolds_to_gh;gh_temp_e30_K;horizon_gpc,0.9508345723152161,0.7112431526184082,,13d804f3-30ad-428a-ad9d-7f48deb28505
V5,COS_AGE_001,Cosmology,Mistral Small 3.2 24B Instruct,FAIL,lcdm_age_gyr:MISMATCH,lcdm_age_gyr,0.9474597573280334,0.7391736507415771,,1ee8b3c0-af92-4328-a2c2-8a46d9dacbde
V5,COS_AGE_001,Cosmology,Gemma 3 27B IT,FAIL,lcdm_age_gyr:MISMATCH,lcdm_age_gyr,0.9449343085289001,0.7384436726570129,,672d5859-333f-4a64-a9bf-0605af9f8987
V4,STAT_LANDAUER_001,Statistical Mechanics,Gemma 3 27B IT,FAIL,landauer_meV:MISMATCH,landauer_meV,0.9439312815666199,0.7398287653923035,,1c025782-1745-4b84-8da5-82a9a85a1fb9
V4,STAT_LANDAUER_001,Statistical Mechanics,Gemma 3 12B IT,FAIL,landauer_meV:MISMATCH;landauer_zJ:MISMATCH,landauer_meV;landauer_zJ,0.9415361285209656,0.7374431490898132,,35cbf917-fdbe-4d9a-ad8e-72e1515207f8
V4,CM_KAPITZA_001,Classical Mechanics,Mistral Small 3.2 24B Instruct,FAIL,f_min_hz:MISMATCH;omega_min_rad_s:MISMATCH,f_min_hz;omega_min_rad_s,0.9408732652664185,0.7007976770401001,,ec03508e-f8ed-498f-9a9c-f2bd032d5130
V3,CM_APSIDAL_001,Classical Mechanics,Mistral NeMo 12B,FAIL,apsidal_n_minus1_deg:MISMATCH;precession_per_period_deg:MISMATCH,apsidal_n_minus1_deg;precession_per_period_deg,0.9390004277229309,0.5726111531257629,,4e065114-6895-4037-9f9c-d85e9790bfc5
V4,STAT_LANDAUER_001,Statistical Mechanics,Mistral Small 3.2 24B Instruct,FAIL,landauer_meV:MISMATCH;landauer_zJ:MISMATCH,landauer_meV;landauer_zJ,0.9378304481506348,0.7366743087768555,,da4ea072-41a1-4b37-b488-090c88c329b3
V4,CM_KAPITZA_001,Classical Mechanics,Gemma 3 27B IT,FAIL,f_min_hz:MISMATCH;omega_min_rad_s:MISMATCH,f_min_hz;omega_min_rad_s,0.93763267993927,0.685945451259613,,cc0939dc-5379-4225-915b-cef4d5883b59
V2,QI_TELEPORT_001,Quantum Information Theory,Ministral 3 8B,FAIL,classical_limit:UNPARSEABLE:parse-fail:TokenError,classical_limit,0.9328635334968567,0.6554336547851562,,9584a665-3773-4c3a-a6fd-e7fe2777cbbb
V5,QM_RT_001,Quantum Mechanics,Mistral Small 3.2 24B Instruct,FAIL,energy_unit_ev:MISMATCH;first_resonance_ev:MISMATCH,energy_unit_ev;first_resonance_ev,0.9319456815719604,0.7448796629905701,,d765a40d-fb04-4ffc-9811-18c108bbbc6d
V3,QI_WERNER_001,Quantum Information Theory,Mistral NeMo 12B,FAIL,concurrence_at_p05:MISMATCH,concurrence_at_p05,0.9309871792793274,0.6312395930290222,,739669d7-f24b-48b0-aaa4-7ea7484fd9f5
V5,CM_TOP_001,Classical Mechanics,Mistral NeMo 12B,FAIL,precession_double_spin:MISMATCH;precession_period_s:MISMATCH;precession_rad_s:MISMATCH,precession_double_spin;precession_period_s;precession_rad_s,0.929962694644928,0.6613144874572754,,9cabff0f-1401-4d81-a9ab-0c356b747793
V5,COS_AGE_001,Cosmology,Mistral NeMo 12B,FAIL,hubble_time_gyr:MISMATCH;lcdm_age_gyr:MISMATCH;matter_age_gyr:MISMATCH,hubble_time_gyr;lcdm_age_gyr;matter_age_gyr,0.9256247878074646,0.7113699316978455,,5f80e95a-cfa7-40e3-8d99-042b87848d45
V2,COS_CMB_001,Cosmology,Mistral Small 3.2 24B Instruct,FAIL,log10_energy_ratio:MISMATCH;log10_number_ratio:MISMATCH,log10_energy_ratio;log10_number_ratio,0.9242789149284363,0.6527453660964966,,2d1f22bc-291c-4722-88c7-cc1fed3ce53d
