card_id,suggested_gate,source_run_id,batch,scenario_id,category,model_name,field_name,expected_value,extracted_value,abs_error,rel_error,rel_error_percent,abs_extracted_over_expected_ratio,signed_extracted_over_expected_ratio,log10_abs_ratio,original_rel_tolerance,original_abs_tolerance,sign_match,preliminary_failure_pattern,possible_factor_2_error,possible_factor_pi_error,possible_factor_10_error,possible_factor_100_error,possible_factor_1000_error,possible_reciprocal_error,possible_sign_flip,possible_unit_scale_error,possible_wrong_field_scale,closest_wrong_field_if_available,original_error_tags,original_failed_fields,plus_one_pp_secondary_category,bertscore_reasoning_only_v2_f1,rouge_l_f1,chrf_score,roscoe_reasoning_alignment,plain_english_diagnosis,audit_question,recommended_manual_decision_options,duplicate_cluster_note
Card 001,ORDER_OF_MAGNITUDE_GATE,69105aad-c0ce-42d1-bb33-a335484e353a,V3,QM_TUNNEL_001,Quantum Mechanics,Ministral 3 8B,kappa_per_nm,10.246334,2.70 \times 10^{10},26999999989.8,2635088802.47,263508880247,2635088803.47,2635088803.47,9.42079525568,0.01,0.10246334,true,ORDER_OF_MAGNITUDE_GT10X,false,false,false,false,false,false,false,false,false,,kappa_L:MISMATCH;kappa_per_nm:MISMATCH;log10_T:MISMATCH,kappa_L;kappa_per_nm;log10_T,HARD_FAIL,0.3922930061817169,0.8196721311475409,0.8225213237873427,0.9120562076568604,"The model value is about 2635088803.5 times the gold value, indicating an order-of-magnitude scale error.","Does this look like a genuine order-of-magnitude mistake, or does the value correspond to another field/unit?",CONFIRM_GATE;REJECT_GATE_FALSE_POSITIVE;REASSIGN_TO_DIFFERENT_GATE;NEEDS_SCENARIO_CONTEXT;NEEDS_RAW_ANSWER_REVIEW,same-row pattern cluster
Card 002,ORDER_OF_MAGNITUDE_GATE,0891d888-672d-4f87-bc31-5a40a8dfdd32,V2,GR_ISCO_001,General Relativity,Gemma 3 12B IT,f_orbital_hz,219.802347,9.13e6,9129780.19765,41536.3180706,4153631.80706,41537.3180706,41537.3180706,4.61843845212,0.01,2.19802347,true,ORDER_OF_MAGNITUDE_GT10X,false,false,false,false,false,false,false,false,false,f_gw_hz,f_gw_hz:MISMATCH;f_orbital_hz:MISMATCH;r_isco_km:MISMATCH,f_gw_hz;f_orbital_hz;r_isco_km,HARD_FAIL,0.5839628577232361,0.7636363636363636,0.8521111872123373,0.8734539151191711,"The model value is about 41537.3 times the gold value, indicating an order-of-magnitude scale error.","Does this look like a genuine order-of-magnitude mistake, or does the value correspond to another field/unit?",CONFIRM_GATE;REJECT_GATE_FALSE_POSITIVE;REASSIGN_TO_DIFFERENT_GATE;NEEDS_SCENARIO_CONTEXT;NEEDS_RAW_ANSWER_REVIEW,same-row pattern cluster
Card 003,ORDER_OF_MAGNITUDE_GATE,12ba6901-ab09-4608-812d-243a3ba8cb47,V2,GR_ISCO_001,General Relativity,Llama 3.1 8B Instruct,r_isco_km,88.620232,1.772\times10^{6},1771911.37977,19994.4339998,1999443.39998,19995.4339998,19995.4339998,4.30093083491,0.01,0.88620232,true,ORDER_OF_MAGNITUDE_GT10X,false,false,false,false,false,false,false,false,false,f_gw_hz,f_gw_hz:MISMATCH;f_orbital_hz:MISMATCH;r_isco_km:MISMATCH,f_gw_hz;f_orbital_hz;r_isco_km,HARD_FAIL,0.07304166257381439,0.32209737827715357,0.4522544782896129,0.7904766201972961,"The model value is about 19995.4 times the gold value, indicating an order-of-magnitude scale error.","Does this look like a genuine order-of-magnitude mistake, or does the value correspond to another field/unit?",CONFIRM_GATE;REJECT_GATE_FALSE_POSITIVE;REASSIGN_TO_DIFFERENT_GATE;NEEDS_SCENARIO_CONTEXT;NEEDS_RAW_ANSWER_REVIEW,same-row pattern cluster
Card 004,ORDER_OF_MAGNITUDE_GATE,0a1bfb8e-7794-43ce-a724-e54da756c20b,V2,SR_ROCKET_001,Special Relativity,Gemma 3 12B IT,distance_ly,0.563194,9208.2,9207.636806,16348.9611146,1634896.11146,16349.9611146,16349.9611146,4.21351672411,0.01,0.00563194,true,ORDER_OF_MAGNITUDE_GT10X,false,false,false,false,false,false,false,false,false,lab_time_yr,distance_ly:MISMATCH;final_beta:MISMATCH;lab_time_yr:MISMATCH,distance_ly;final_beta;lab_time_yr,HARD_FAIL,0.4084946811199188,0.7389162561576355,0.8019893793376669,0.8695898652076721,"The model value is about 16350.0 times the gold value, indicating an order-of-magnitude scale error.","Does this look like a genuine order-of-magnitude mistake, or does the value correspond to another field/unit?",CONFIRM_GATE;REJECT_GATE_FALSE_POSITIVE;REASSIGN_TO_DIFFERENT_GATE;NEEDS_SCENARIO_CONTEXT;NEEDS_RAW_ANSWER_REVIEW,same-row pattern cluster
Card 005,ORDER_OF_MAGNITUDE_GATE,637b75a5-6869-433d-b669-e89b15b2555e,V3,GR_GPS_001,General Relativity,Llama 3.1 8B Instruct,velocity_shift_us_day,7.213057,-72200,72207.213057,10010.6255998,1001062.55998,10009.6255998,-10009.6255998,4.00041783343,0.01,0.07213057,false,ORDER_OF_MAGNITUDE_GT10X,false,false,false,false,false,false,false,false,false,,grav_shift_us_day:MISMATCH;net_shift_us_day:MISMATCH;velocity_shift_us_day:MISMATCH,grav_shift_us_day;net_shift_us_day;velocity_shift_us_day,HARD_FAIL,-0.058501631021499634,0.2181818181818182,0.3811387081132647,0.7910165786743164,"The model value is about 10009.6 times the gold value, indicating an order-of-magnitude scale error.","Does this look like a genuine order-of-magnitude mistake, or does the value correspond to another field/unit?",CONFIRM_GATE;REJECT_GATE_FALSE_POSITIVE;REASSIGN_TO_DIFFERENT_GATE;NEEDS_SCENARIO_CONTEXT;NEEDS_RAW_ANSWER_REVIEW,same-row pattern cluster
Card 006,ORDER_OF_MAGNITUDE_GATE,0ed2217a-06ad-4917-b517-25fdcad0cab9,V3,QFT_CASIMIR_001,Quantum Field Theory,Llama 3.1 8B Instruct,pressure_double_d_pa,0.812579,4300,4299.187421,5290.79316719,529079.316719,5291.79316719,5291.79316719,3.72360286119,0.01,0.00812579,true,ORDER_OF_MAGNITUDE_GT10X,false,false,false,false,false,false,false,false,false,pressure_pa,energy_per_area_uJ_m2:MISMATCH;pressure_double_d_pa:MISMATCH;pressure_pa:MISMATCH,energy_per_area_uJ_m2;pressure_double_d_pa;pressure_pa,HARD_FAIL,0.40535151958465576,0.6068515497553019,0.5208812108070093,0.9294244050979614,"The model value is about 5291.8 times the gold value, indicating an order-of-magnitude scale error.","Does this look like a genuine order-of-magnitude mistake, or does the value correspond to another field/unit?",CONFIRM_GATE;REJECT_GATE_FALSE_POSITIVE;REASSIGN_TO_DIFFERENT_GATE;NEEDS_SCENARIO_CONTEXT;NEEDS_RAW_ANSWER_REVIEW,same-row pattern cluster
Card 007,ORDER_OF_MAGNITUDE_GATE,633ca832-c7c2-4e57-8667-0e5462503514,V3,QM_TUNNEL_001,Quantum Mechanics,Gemma 3 27B IT,kappa_per_nm,10.246334,3.39 \times 10^4,33889.753666,3307.50038658,330750.038658,3308.50038658,3308.50038658,3.51963118972,0.01,0.10246334,true,ORDER_OF_MAGNITUDE_GT10X,false,false,false,false,false,false,false,false,false,,kappa_L:MISMATCH;kappa_per_nm:MISMATCH;log10_T:MISMATCH,kappa_L;kappa_per_nm;log10_T,HARD_FAIL,0.770108163356781,0.8726513569937371,0.8789222633057456,0.9303179979324341,"The model value is about 3308.5 times the gold value, indicating an order-of-magnitude scale error.","Does this look like a genuine order-of-magnitude mistake, or does the value correspond to another field/unit?",CONFIRM_GATE;REJECT_GATE_FALSE_POSITIVE;REASSIGN_TO_DIFFERENT_GATE;NEEDS_SCENARIO_CONTEXT;NEEDS_RAW_ANSWER_REVIEW,same-row pattern cluster
Card 008,ORDER_OF_MAGNITUDE_GATE,c5b81f9e-4521-4354-8a5d-745ff4c05bcf,V3,CM_APSIDAL_001,Classical Mechanics,Llama 3.1 8B Instruct,precession_per_period_deg,-105.441559,6.86,112.301559,1.06505973608,106.505973608,0.0650597360762,-0.0650597360762,-1.18668770283,0.01,1.05441559,false,ORDER_OF_MAGNITUDE_GT10X,false,false,false,false,false,false,false,false,false,apsidal_harmonic_deg,apsidal_n_minus1_deg:MISMATCH;precession_per_period_deg:MISMATCH,apsidal_n_minus1_deg;precession_per_period_deg,HARD_FAIL,0.827921450138092,0.8668407310704961,0.8566332946295925,0.9392566680908203,"The model value is about 0.065 times the gold value, indicating an order-of-magnitude scale error.","Does this look like a genuine order-of-magnitude mistake, or does the value correspond to another field/unit?",CONFIRM_GATE;REJECT_GATE_FALSE_POSITIVE;REASSIGN_TO_DIFFERENT_GATE;NEEDS_SCENARIO_CONTEXT;NEEDS_RAW_ANSWER_REVIEW,
Card 009,ORDER_OF_MAGNITUDE_GATE,8d88ebb6-c7fb-48bf-8150-c24d1049670c,V3,CM_APSIDAL_001,Classical Mechanics,Ministral 3 8B,precession_per_period_deg,-105.441559,9.4712,114.912759,1.08982416506,108.982416506,0.0898241650619,-0.0898241650619,-1.04660681098,0.01,1.05441559,false,ORDER_OF_MAGNITUDE_GT10X,false,false,false,false,false,false,false,false,false,apsidal_harmonic_deg,apsidal_n_minus1_deg:MISMATCH;precession_per_period_deg:MISMATCH,apsidal_n_minus1_deg;precession_per_period_deg,HARD_FAIL,0.4296875596046448,0.6501901140684412,0.6968313915567282,0.9259300231933594,"The model value is about 0.090 times the gold value, indicating an order-of-magnitude scale error.","Does this look like a genuine order-of-magnitude mistake, or does the value correspond to another field/unit?",CONFIRM_GATE;REJECT_GATE_FALSE_POSITIVE;REASSIGN_TO_DIFFERENT_GATE;NEEDS_SCENARIO_CONTEXT;NEEDS_RAW_ANSWER_REVIEW,
Card 010,ORDER_OF_MAGNITUDE_GATE,0ada0fb0-29cc-4f10-b31a-705df74e52ae,V3,GR_GPS_001,General Relativity,Gemma 3 12B IT,grav_shift_us_day,45.719299,544,498.280701,10.8986951222,1089.86951222,11.8986951222,11.8986951222,1.07549933683,0.01,0.45719299,true,ORDER_OF_MAGNITUDE_GT10X,false,false,false,false,false,false,false,false,false,,grav_shift_us_day:MISMATCH;net_shift_us_day:MISMATCH;velocity_shift_us_day:MISMATCH,grav_shift_us_day;net_shift_us_day;velocity_shift_us_day,HARD_FAIL,0.606954038143158,0.7204968944099379,0.5433495849735764,0.9509064555168152,"The model value is about 11.90 times the gold value, indicating an order-of-magnitude scale error.","Does this look like a genuine order-of-magnitude mistake, or does the value correspond to another field/unit?",CONFIRM_GATE;REJECT_GATE_FALSE_POSITIVE;REASSIGN_TO_DIFFERENT_GATE;NEEDS_SCENARIO_CONTEXT;NEEDS_RAW_ANSWER_REVIEW,
Card 011,ORDER_OF_MAGNITUDE_GATE,8e410338-dd01-4f15-bb14-db80d59a5d02,V5,QM_RT_001,Quantum Mechanics,Gemma 3 27B IT,energy_unit_ev,2.350189,33.2,30.849811,13.1265234413,1312.65234413,14.1265234413,14.1265234413,1.15003529447,0.02,0.04700378,true,ORDER_OF_MAGNITUDE_GT10X,false,false,false,false,false,false,false,false,false,first_resonance_ev,energy_unit_ev:MISMATCH;first_resonance_ev:MISMATCH,energy_unit_ev;first_resonance_ev,HARD_FAIL,0.8872247934341431,0.95,0.9317670510408275,0.9540189504623413,"The model value is about 14.13 times the gold value, indicating an order-of-magnitude scale error.","Does this look like a genuine order-of-magnitude mistake, or does the value correspond to another field/unit?",CONFIRM_GATE;REJECT_GATE_FALSE_POSITIVE;REASSIGN_TO_DIFFERENT_GATE;NEEDS_SCENARIO_CONTEXT;NEEDS_RAW_ANSWER_REVIEW,
Card 012,EXTREME_EXPLOSION_GATE,69105aad-c0ce-42d1-bb33-a335484e353a,V3,QM_TUNNEL_001,Quantum Mechanics,Ministral 3 8B,kappa_per_nm,10.246334,2.70 \times 10^{10},26999999989.8,2635088802.47,263508880247,2635088803.47,2635088803.47,9.42079525568,0.01,0.10246334,true,ORDER_OF_MAGNITUDE_GT10X,false,false,false,false,false,false,false,false,false,,kappa_L:MISMATCH;kappa_per_nm:MISMATCH;log10_T:MISMATCH,kappa_L;kappa_per_nm;log10_T,HARD_FAIL,0.3922930061817169,0.8196721311475409,0.8225213237873427,0.9120562076568604,"The numeric distance is extreme: relative error is 263508880247.00%, so this is not a tolerance-boundary error.","Is this an extreme magnitude failure suitable for a generic gate, or does it need scenario context?",CONFIRM_GATE;REJECT_GATE_FALSE_POSITIVE;REASSIGN_TO_DIFFERENT_GATE;NEEDS_SCENARIO_CONTEXT;NEEDS_RAW_ANSWER_REVIEW,same-row pattern cluster
Card 013,EXTREME_EXPLOSION_GATE,0891d888-672d-4f87-bc31-5a40a8dfdd32,V2,GR_ISCO_001,General Relativity,Gemma 3 12B IT,f_orbital_hz,219.802347,9.13e6,9129780.19765,41536.3180706,4153631.80706,41537.3180706,41537.3180706,4.61843845212,0.01,2.19802347,true,ORDER_OF_MAGNITUDE_GT10X,false,false,false,false,false,false,false,false,false,f_gw_hz,f_gw_hz:MISMATCH;f_orbital_hz:MISMATCH;r_isco_km:MISMATCH,f_gw_hz;f_orbital_hz;r_isco_km,HARD_FAIL,0.5839628577232361,0.7636363636363636,0.8521111872123373,0.8734539151191711,"The numeric distance is extreme: relative error is 4153631.81%, so this is not a tolerance-boundary error.","Is this an extreme magnitude failure suitable for a generic gate, or does it need scenario context?",CONFIRM_GATE;REJECT_GATE_FALSE_POSITIVE;REASSIGN_TO_DIFFERENT_GATE;NEEDS_SCENARIO_CONTEXT;NEEDS_RAW_ANSWER_REVIEW,same-row pattern cluster
Card 014,EXTREME_EXPLOSION_GATE,0891d888-672d-4f87-bc31-5a40a8dfdd32,V2,GR_ISCO_001,General Relativity,Gemma 3 12B IT,f_gw_hz,439.604695,1.826e7,18259560.3953,41536.3179761,4153631.79761,41537.3179761,41537.3179761,4.61843845114,0.01,4.39604695,true,ORDER_OF_MAGNITUDE_GT10X,false,false,false,false,false,false,false,false,false,,f_gw_hz:MISMATCH;f_orbital_hz:MISMATCH;r_isco_km:MISMATCH,f_gw_hz;f_orbital_hz;r_isco_km,HARD_FAIL,0.5839628577232361,0.7636363636363636,0.8521111872123373,0.8734539151191711,"The numeric distance is extreme: relative error is 4153631.80%, so this is not a tolerance-boundary error.","Is this an extreme magnitude failure suitable for a generic gate, or does it need scenario context?",CONFIRM_GATE;REJECT_GATE_FALSE_POSITIVE;REASSIGN_TO_DIFFERENT_GATE;NEEDS_SCENARIO_CONTEXT;NEEDS_RAW_ANSWER_REVIEW,same-row pattern cluster
Card 015,EXTREME_EXPLOSION_GATE,12ba6901-ab09-4608-812d-243a3ba8cb47,V2,GR_ISCO_001,General Relativity,Llama 3.1 8B Instruct,r_isco_km,88.620232,1.772\times10^{6},1771911.37977,19994.4339998,1999443.39998,19995.4339998,19995.4339998,4.30093083491,0.01,0.88620232,true,ORDER_OF_MAGNITUDE_GT10X,false,false,false,false,false,false,false,false,false,f_gw_hz,f_gw_hz:MISMATCH;f_orbital_hz:MISMATCH;r_isco_km:MISMATCH,f_gw_hz;f_orbital_hz;r_isco_km,HARD_FAIL,0.07304166257381439,0.32209737827715357,0.4522544782896129,0.7904766201972961,"The numeric distance is extreme: relative error is 1999443.40%, so this is not a tolerance-boundary error.","Is this an extreme magnitude failure suitable for a generic gate, or does it need scenario context?",CONFIRM_GATE;REJECT_GATE_FALSE_POSITIVE;REASSIGN_TO_DIFFERENT_GATE;NEEDS_SCENARIO_CONTEXT;NEEDS_RAW_ANSWER_REVIEW,same-row pattern cluster
Card 016,EXTREME_EXPLOSION_GATE,0a1bfb8e-7794-43ce-a724-e54da756c20b,V2,SR_ROCKET_001,Special Relativity,Gemma 3 12B IT,distance_ly,0.563194,9208.2,9207.636806,16348.9611146,1634896.11146,16349.9611146,16349.9611146,4.21351672411,0.01,0.00563194,true,ORDER_OF_MAGNITUDE_GT10X,false,false,false,false,false,false,false,false,false,lab_time_yr,distance_ly:MISMATCH;final_beta:MISMATCH;lab_time_yr:MISMATCH,distance_ly;final_beta;lab_time_yr,HARD_FAIL,0.4084946811199188,0.7389162561576355,0.8019893793376669,0.8695898652076721,"The numeric distance is extreme: relative error is 1634896.11%, so this is not a tolerance-boundary error.","Is this an extreme magnitude failure suitable for a generic gate, or does it need scenario context?",CONFIRM_GATE;REJECT_GATE_FALSE_POSITIVE;REASSIGN_TO_DIFFERENT_GATE;NEEDS_SCENARIO_CONTEXT;NEEDS_RAW_ANSWER_REVIEW,same-row pattern cluster
Card 017,EXTREME_EXPLOSION_GATE,637b75a5-6869-433d-b669-e89b15b2555e,V3,GR_GPS_001,General Relativity,Llama 3.1 8B Instruct,velocity_shift_us_day,7.213057,-72200,72207.213057,10010.6255998,1001062.55998,10009.6255998,-10009.6255998,4.00041783343,0.01,0.07213057,false,ORDER_OF_MAGNITUDE_GT10X,false,false,false,false,false,false,false,false,false,,grav_shift_us_day:MISMATCH;net_shift_us_day:MISMATCH;velocity_shift_us_day:MISMATCH,grav_shift_us_day;net_shift_us_day;velocity_shift_us_day,HARD_FAIL,-0.058501631021499634,0.2181818181818182,0.3811387081132647,0.7910165786743164,"The numeric distance is extreme: relative error is 1001062.56%, so this is not a tolerance-boundary error.","Is this an extreme magnitude failure suitable for a generic gate, or does it need scenario context?",CONFIRM_GATE;REJECT_GATE_FALSE_POSITIVE;REASSIGN_TO_DIFFERENT_GATE;NEEDS_SCENARIO_CONTEXT;NEEDS_RAW_ANSWER_REVIEW,same-row pattern cluster
Card 018,EXTREME_EXPLOSION_GATE,0ed2217a-06ad-4917-b517-25fdcad0cab9,V3,QFT_CASIMIR_001,Quantum Field Theory,Llama 3.1 8B Instruct,pressure_double_d_pa,0.812579,4300,4299.187421,5290.79316719,529079.316719,5291.79316719,5291.79316719,3.72360286119,0.01,0.00812579,true,ORDER_OF_MAGNITUDE_GT10X,false,false,false,false,false,false,false,false,false,pressure_pa,energy_per_area_uJ_m2:MISMATCH;pressure_double_d_pa:MISMATCH;pressure_pa:MISMATCH,energy_per_area_uJ_m2;pressure_double_d_pa;pressure_pa,HARD_FAIL,0.40535151958465576,0.6068515497553019,0.5208812108070093,0.9294244050979614,"The numeric distance is extreme: relative error is 529079.32%, so this is not a tolerance-boundary error.","Is this an extreme magnitude failure suitable for a generic gate, or does it need scenario context?",CONFIRM_GATE;REJECT_GATE_FALSE_POSITIVE;REASSIGN_TO_DIFFERENT_GATE;NEEDS_SCENARIO_CONTEXT;NEEDS_RAW_ANSWER_REVIEW,same-row pattern cluster
Card 019,EXTREME_EXPLOSION_GATE,633ca832-c7c2-4e57-8667-0e5462503514,V3,QM_TUNNEL_001,Quantum Mechanics,Gemma 3 27B IT,kappa_per_nm,10.246334,3.39 \times 10^4,33889.753666,3307.50038658,330750.038658,3308.50038658,3308.50038658,3.51963118972,0.01,0.10246334,true,ORDER_OF_MAGNITUDE_GT10X,false,false,false,false,false,false,false,false,false,,kappa_L:MISMATCH;kappa_per_nm:MISMATCH;log10_T:MISMATCH,kappa_L;kappa_per_nm;log10_T,HARD_FAIL,0.770108163356781,0.8726513569937371,0.8789222633057456,0.9303179979324341,"The numeric distance is extreme: relative error is 330750.04%, so this is not a tolerance-boundary error.","Is this an extreme magnitude failure suitable for a generic gate, or does it need scenario context?",CONFIRM_GATE;REJECT_GATE_FALSE_POSITIVE;REASSIGN_TO_DIFFERENT_GATE;NEEDS_SCENARIO_CONTEXT;NEEDS_RAW_ANSWER_REVIEW,same-row pattern cluster
Card 020,EXTREME_EXPLOSION_GATE,637b75a5-6869-433d-b669-e89b15b2555e,V3,GR_GPS_001,General Relativity,Llama 3.1 8B Instruct,grav_shift_us_day,45.719299,74600,74554.280701,1630.69605903,163069.605903,1631.69605903,1631.69605903,3.2126392646,0.01,0.45719299,true,ORDER_OF_MAGNITUDE_GT10X,false,false,false,false,false,false,false,false,false,,grav_shift_us_day:MISMATCH;net_shift_us_day:MISMATCH;velocity_shift_us_day:MISMATCH,grav_shift_us_day;net_shift_us_day;velocity_shift_us_day,HARD_FAIL,-0.058501631021499634,0.2181818181818182,0.3811387081132647,0.7910165786743164,"The numeric distance is extreme: relative error is 163069.61%, so this is not a tolerance-boundary error.","Is this an extreme magnitude failure suitable for a generic gate, or does it need scenario context?",CONFIRM_GATE;REJECT_GATE_FALSE_POSITIVE;REASSIGN_TO_DIFFERENT_GATE;NEEDS_SCENARIO_CONTEXT;NEEDS_RAW_ANSWER_REVIEW,same-row pattern cluster
Card 021,EXTREME_EXPLOSION_GATE,f6e77e0c-96ad-45a5-85ab-996fd74634d8,V5,STAT_NEGT_001,Statistical Mechanics,Mistral NeMo 12B,abs_temperature_K,1.318567,1.41 \times 10^3,1408.681433,1068.3427031,106834.27031,1069.3427031,1069.3427031,3.02911691027,0.01,0.01318567,true,ORDER_OF_MAGNITUDE_GT10X,false,false,false,false,false,false,false,false,false,,abs_temperature_K:MISMATCH;temperature_K:MISMATCH,abs_temperature_K;temperature_K,HARD_FAIL,0.38332128524780273,0.6190476190476191,0.4859900073893861,0.9317054748535156,"The numeric distance is extreme: relative error is 106834.27%, so this is not a tolerance-boundary error.","Is this an extreme magnitude failure suitable for a generic gate, or does it need scenario context?",CONFIRM_GATE;REJECT_GATE_FALSE_POSITIVE;REASSIGN_TO_DIFFERENT_GATE;NEEDS_SCENARIO_CONTEXT;NEEDS_RAW_ANSWER_REVIEW,
Card 022,POWER_OF_TEN_SCALE_GATE,a3752b06-d12a-4b6f-b533-06abdc5a4a2d,V2,COS_CMB_001,Cosmology,Llama 3.1 8B Instruct,T_rec_K,3000.225,29885.275,26885.05,8.96101125749,896.101125749,9.96101125749,9.96101125749,0.998303430919,0.01,30.00225,true,DECIMAL_OR_POWER_OF_TEN_SCALE,false,false,true,false,false,false,false,false,false,,T_rec_K:MISMATCH;log10_energy_ratio:MISMATCH;log10_number_ratio:MISMATCH,T_rec_K;log10_energy_ratio;log10_number_ratio,HARD_FAIL,0.8753443956375122,0.9130434782608696,0.9206737459690821,0.9324593544006348,"The model value is about 9.961 times the gold value, consistent with a decimal or power-of-ten scale mistake.","Does this look like a decimal/scientific-notation scale mistake, or a different conceptual error?",CONFIRM_GATE;REJECT_GATE_FALSE_POSITIVE;REASSIGN_TO_DIFFERENT_GATE;NEEDS_SCENARIO_CONTEXT;NEEDS_RAW_ANSWER_REVIEW,
Card 023,POWER_OF_TEN_SCALE_GATE,6a0624c3-57f8-4327-8206-731c8c16e32e,V2,GR_ISCO_001,General Relativity,Ministral 3 8B,r_isco_km,88.620232,"8.86 \times 10^{3} \, \mathrm{km}",8771.379768,98.9771699988,9897.71699988,99.9771699988,99.9771699988,1.99990083925,0.01,0.88620232,true,DECIMAL_OR_POWER_OF_TEN_SCALE,false,false,false,true,false,false,false,false,false,f_gw_hz,f_gw_hz:MISMATCH;f_orbital_hz:MISMATCH;r_isco_km:MISMATCH,f_gw_hz;f_orbital_hz;r_isco_km,HARD_FAIL,-0.020199451595544815,0.5133239831697054,0.6114159596868077,0.8221812844276428,"The model value is about 99.98 times the gold value, consistent with a decimal or power-of-ten scale mistake.","Does this look like a decimal/scientific-notation scale mistake, or a different conceptual error?",CONFIRM_GATE;REJECT_GATE_FALSE_POSITIVE;REASSIGN_TO_DIFFERENT_GATE;NEEDS_SCENARIO_CONTEXT;NEEDS_RAW_ANSWER_REVIEW,
Card 024,POWER_OF_TEN_SCALE_GATE,ab92bfee-92d9-4fbc-b33c-4d25777badf5,V2,GR_ISCO_001,General Relativity,Mistral Small 3.2 24B Instruct,r_isco_km,88.620232,8859.6,8770.979768,98.9726563568,9897.26563568,99.9726563568,99.9726563568,1.99988123183,0.01,0.88620232,true,DECIMAL_OR_POWER_OF_TEN_SCALE,false,false,false,true,false,false,false,false,false,f_gw_hz,f_gw_hz:MISMATCH;f_orbital_hz:MISMATCH;r_isco_km:MISMATCH,f_gw_hz;f_orbital_hz;r_isco_km,HARD_FAIL,0.7856963872909546,0.8744394618834082,0.853205235089798,0.9270911812782288,"The model value is about 99.97 times the gold value, consistent with a decimal or power-of-ten scale mistake.","Does this look like a decimal/scientific-notation scale mistake, or a different conceptual error?",CONFIRM_GATE;REJECT_GATE_FALSE_POSITIVE;REASSIGN_TO_DIFFERENT_GATE;NEEDS_SCENARIO_CONTEXT;NEEDS_RAW_ANSWER_REVIEW,
Card 025,POWER_OF_TEN_SCALE_GATE,4f06ea18-7b13-4c03-a4a7-37036abe296d,V3,COS_DL_001,Cosmology,Mistral NeMo 12B,hubble_distance_mpc,4282.7494,42857.14,38574.3906,9.00692218882,900.692218882,10.0069221888,10.0069221888,1.00030052284,0.01,42.827494,true,DECIMAL_OR_POWER_OF_TEN_SCALE,false,false,true,false,false,false,false,false,false,,dl_eds_mpc:MISMATCH;dl_lcdm_mpc:MISMATCH;dl_linear_mpc:MISMATCH;hubble_distance_mpc:MISMATCH,dl_eds_mpc;dl_lcdm_mpc;dl_linear_mpc;hubble_distance_mpc,HARD_FAIL,0.8387851119041443,0.9308755760368664,0.8868562914453937,0.9528350830078125,"The model value is about 10.01 times the gold value, consistent with a decimal or power-of-ten scale mistake.","Does this look like a decimal/scientific-notation scale mistake, or a different conceptual error?",CONFIRM_GATE;REJECT_GATE_FALSE_POSITIVE;REASSIGN_TO_DIFFERENT_GATE;NEEDS_SCENARIO_CONTEXT;NEEDS_RAW_ANSWER_REVIEW,
Card 026,POWER_OF_TEN_SCALE_GATE,30e59015-74c8-4d8c-abe8-a916e9150032,V3,GR_GPS_001,General Relativity,Ministral 3 8B,velocity_shift_us_day,7.213057,-72.2.,79.413057,11.0096255998,1100.96255998,10.0096255998,-10.0096255998,1.00041783343,0.01,0.07213057,false,DECIMAL_OR_POWER_OF_TEN_SCALE,false,false,true,false,false,false,false,false,false,,grav_shift_us_day:MISMATCH;net_shift_us_day:MISMATCH;velocity_shift_us_day:MISMATCH,grav_shift_us_day;net_shift_us_day;velocity_shift_us_day,HARD_FAIL,0.3455626368522644,0.5924764890282131,0.44105825605195503,0.9166766405105591,"The model value is about 10.01 times the gold value, consistent with a decimal or power-of-ten scale mistake.","Does this look like a decimal/scientific-notation scale mistake, or a different conceptual error?",CONFIRM_GATE;REJECT_GATE_FALSE_POSITIVE;REASSIGN_TO_DIFFERENT_GATE;NEEDS_SCENARIO_CONTEXT;NEEDS_RAW_ANSWER_REVIEW,
Card 027,POWER_OF_TEN_SCALE_GATE,4dde1392-4ac8-428c-b9da-6bcc205ea668,V3,QFT_CASIMIR_001,Quantum Field Theory,Gemma 4 31B IT,energy_per_area_uJ_m2,0.433375,4.337,3.903625,9.00749927892,900.749927892,10.0074992789,10.0074992789,1.00032556748,0.01,0.00433375,true,DECIMAL_OR_POWER_OF_TEN_SCALE,false,false,true,false,false,false,false,false,false,pressure_double_d_pa,energy_per_area_uJ_m2:MISMATCH;pressure_double_d_pa:MISMATCH;pressure_pa:MISMATCH,energy_per_area_uJ_m2;pressure_double_d_pa;pressure_pa,HARD_FAIL,0.585877001285553,0.6734348561759729,0.5398584610873234,0.9592174887657166,"The model value is about 10.01 times the gold value, consistent with a decimal or power-of-ten scale mistake.","Does this look like a decimal/scientific-notation scale mistake, or a different conceptual error?",CONFIRM_GATE;REJECT_GATE_FALSE_POSITIVE;REASSIGN_TO_DIFFERENT_GATE;NEEDS_SCENARIO_CONTEXT;NEEDS_RAW_ANSWER_REVIEW,
Card 028,POWER_OF_TEN_SCALE_GATE,cf0f5553-a37e-484c-b664-53217a238526,V4,CM_KAPITZA_001,Classical Mechanics,Gemma 3 12B IT,f_min_hz,15.763572,155.9,140.136428,8.88989043854,888.989043854,9.88989043854,9.88989043854,0.995191480454,0.01,0.15763572,true,DECIMAL_OR_POWER_OF_TEN_SCALE,false,false,true,false,false,false,false,false,false,omega_min_rad_s,f_min_hz:MISMATCH;omega_min_rad_s:MISMATCH,f_min_hz;omega_min_rad_s,HARD_FAIL,0.8352651000022888,0.9090909090909091,0.8882099073079237,0.9484325051307678,"The model value is about 9.890 times the gold value, consistent with a decimal or power-of-ten scale mistake.","Does this look like a decimal/scientific-notation scale mistake, or a different conceptual error?",CONFIRM_GATE;REJECT_GATE_FALSE_POSITIVE;REASSIGN_TO_DIFFERENT_GATE;NEEDS_SCENARIO_CONTEXT;NEEDS_RAW_ANSWER_REVIEW,
Card 029,POWER_OF_TEN_SCALE_GATE,ec03508e-f8ed-498f-9a9c-f2bd032d5130,V4,CM_KAPITZA_001,Classical Mechanics,Mistral Small 3.2 24B Instruct,f_min_hz,15.763572,157.3,141.536428,8.97870279655,897.870279655,9.97870279655,9.97870279655,0.999074087889,0.01,0.15763572,true,DECIMAL_OR_POWER_OF_TEN_SCALE,false,false,true,false,false,false,false,false,false,omega_min_rad_s,f_min_hz:MISMATCH;omega_min_rad_s:MISMATCH,f_min_hz;omega_min_rad_s,HARD_FAIL,0.887634813785553,0.9374999999999999,0.937054165952948,0.9497219324111938,"The model value is about 9.979 times the gold value, consistent with a decimal or power-of-ten scale mistake.","Does this look like a decimal/scientific-notation scale mistake, or a different conceptual error?",CONFIRM_GATE;REJECT_GATE_FALSE_POSITIVE;REASSIGN_TO_DIFFERENT_GATE;NEEDS_SCENARIO_CONTEXT;NEEDS_RAW_ANSWER_REVIEW,
Card 030,POWER_OF_TEN_SCALE_GATE,b6b32afe-5f66-490d-a564-dbe0d3ddcd66,V4,QFT_UNRUH_001,Quantum Field Theory,Mistral Small 3.2 24B Instruct,unruh_temp_K,0.405501,4.00,3.594499,8.86434065514,886.434065514,9.86434065514,9.86434065514,0.994068061772,0.01,0.00405501,true,DECIMAL_OR_POWER_OF_TEN_SCALE,false,false,true,false,false,false,false,false,false,accel_for_1K_e20,accel_for_1K_e20:MISMATCH;unruh_temp_K:MISMATCH,accel_for_1K_e20;unruh_temp_K,HARD_FAIL,0.6562258005142212,0.8459869848156182,0.8756989712686336,0.9114581346511841,"The model value is about 9.864 times the gold value, consistent with a decimal or power-of-ten scale mistake.","Does this look like a decimal/scientific-notation scale mistake, or a different conceptual error?",CONFIRM_GATE;REJECT_GATE_FALSE_POSITIVE;REASSIGN_TO_DIFFERENT_GATE;NEEDS_SCENARIO_CONTEXT;NEEDS_RAW_ANSWER_REVIEW,
Card 031,POWER_OF_TEN_SCALE_GATE,35cbf917-fdbe-4d9a-ad8e-72e1515207f8,V4,STAT_LANDAUER_001,Statistical Mechanics,Gemma 3 12B IT,landauer_zJ,2.870979,29.1,26.229021,9.13591530973,913.591530973,10.1359153097,10.1359153097,1.00586297316,0.01,0.02870979,true,DECIMAL_OR_POWER_OF_TEN_SCALE,false,false,true,false,false,false,false,false,false,landauer_meV,landauer_meV:MISMATCH;landauer_zJ:MISMATCH,landauer_meV;landauer_zJ,HARD_FAIL,0.8916032910346985,0.9473684210526315,0.9633063332780851,0.960139811038971,"The model value is about 10.14 times the gold value, consistent with a decimal or power-of-ten scale mistake.","Does this look like a decimal/scientific-notation scale mistake, or a different conceptual error?",CONFIRM_GATE;REJECT_GATE_FALSE_POSITIVE;REASSIGN_TO_DIFFERENT_GATE;NEEDS_SCENARIO_CONTEXT;NEEDS_RAW_ANSWER_REVIEW,
Card 032,SIGN_FLIP_GATE,0ada0fb0-29cc-4f10-b31a-705df74e52ae,V3,GR_GPS_001,General Relativity,Gemma 3 12B IT,velocity_shift_us_day,7.213057,-7.21,14.423057,1.99957618524,199.957618524,0.999576185243,-0.999576185243,-0.000184099425116,0.01,0.07213057,false,SIGN_FLIP,false,false,false,false,false,false,true,false,false,,grav_shift_us_day:MISMATCH;net_shift_us_day:MISMATCH;velocity_shift_us_day:MISMATCH,grav_shift_us_day;net_shift_us_day;velocity_shift_us_day,HARD_FAIL,0.606954038143158,0.7204968944099379,0.5433495849735764,0.9509064555168152,"The model value has the opposite sign while the magnitude is close, producing 199.96% relative error.","Is this a genuine sign-convention mistake, or did the prompt allow the opposite convention?",CONFIRM_GATE;REJECT_GATE_FALSE_POSITIVE;REASSIGN_TO_DIFFERENT_GATE;NEEDS_SCENARIO_CONTEXT;NEEDS_RAW_ANSWER_REVIEW,
Card 033,SIGN_FLIP_GATE,e7473180-0785-429d-84d1-b9888a90bff4,V3,GR_GPS_001,General Relativity,Gemma 3 27B IT,velocity_shift_us_day,7.213057,-7.21,14.423057,1.99957618524,199.957618524,0.999576185243,-0.999576185243,-0.000184099425116,0.01,0.07213057,false,SIGN_FLIP,false,false,false,false,false,false,true,false,false,,grav_shift_us_day:MISMATCH;net_shift_us_day:MISMATCH;velocity_shift_us_day:MISMATCH,grav_shift_us_day;net_shift_us_day;velocity_shift_us_day,HARD_FAIL,0.4928421080112457,0.6823529411764706,0.5475489414531911,0.9406189918518066,"The model value has the opposite sign while the magnitude is close, producing 199.96% relative error.","Is this a genuine sign-convention mistake, or did the prompt allow the opposite convention?",CONFIRM_GATE;REJECT_GATE_FALSE_POSITIVE;REASSIGN_TO_DIFFERENT_GATE;NEEDS_SCENARIO_CONTEXT;NEEDS_RAW_ANSWER_REVIEW,
Card 034,SIGN_FLIP_GATE,83128479-f3b5-4076-b4d8-697f3b7632f1,V3,GR_GPS_001,General Relativity,Gemma 4 31B IT,velocity_shift_us_day,7.213057,-7.2,14.413057,1.99818981051,199.818981051,0.998189810506,-0.998189810506,-0.000786867713277,0.01,0.07213057,false,SIGN_FLIP,false,false,false,false,false,false,true,false,false,,velocity_shift_us_day:MISMATCH,velocity_shift_us_day,HARD_FAIL,0.21354715526103973,0.5073170731707316,0.4894205249529027,0.8831935524940491,"The model value has the opposite sign while the magnitude is close, producing 199.82% relative error.","Is this a genuine sign-convention mistake, or did the prompt allow the opposite convention?",CONFIRM_GATE;REJECT_GATE_FALSE_POSITIVE;REASSIGN_TO_DIFFERENT_GATE;NEEDS_SCENARIO_CONTEXT;NEEDS_RAW_ANSWER_REVIEW,
Card 035,SIGN_FLIP_GATE,9991d196-4513-449c-9fa5-bc9e85fe608f,V3,GR_GPS_001,General Relativity,Granite 4.1 8B,velocity_shift_us_day,7.213057,-7.2,14.413057,1.99818981051,199.818981051,0.998189810506,-0.998189810506,-0.000786867713277,0.01,0.07213057,false,SIGN_FLIP,false,false,false,false,false,false,true,false,false,,velocity_shift_us_day:MISMATCH,velocity_shift_us_day,HARD_FAIL,-0.16375485062599182,0.24568668046928913,0.35811346098804325,0.8171896934509277,"The model value has the opposite sign while the magnitude is close, producing 199.82% relative error.","Is this a genuine sign-convention mistake, or did the prompt allow the opposite convention?",CONFIRM_GATE;REJECT_GATE_FALSE_POSITIVE;REASSIGN_TO_DIFFERENT_GATE;NEEDS_SCENARIO_CONTEXT;NEEDS_RAW_ANSWER_REVIEW,
Card 036,SIGN_FLIP_GATE,69fbc5d3-4c42-43a5-bee4-fd591d229ef9,V3,GR_GPS_001,General Relativity,Mistral NeMo 12B,velocity_shift_us_day,7.213057,-7.21,14.423057,1.99957618524,199.957618524,0.999576185243,-0.999576185243,-0.000184099425116,0.01,0.07213057,false,SIGN_FLIP,false,false,false,false,false,false,true,false,false,,grav_shift_us_day:MISMATCH;net_shift_us_day:MISMATCH;velocity_shift_us_day:MISMATCH,grav_shift_us_day;net_shift_us_day;velocity_shift_us_day,HARD_FAIL,0.18173079192638397,0.48221343873517786,0.41535444506996144,0.8755019903182983,"The model value has the opposite sign while the magnitude is close, producing 199.96% relative error.","Is this a genuine sign-convention mistake, or did the prompt allow the opposite convention?",CONFIRM_GATE;REJECT_GATE_FALSE_POSITIVE;REASSIGN_TO_DIFFERENT_GATE;NEEDS_SCENARIO_CONTEXT;NEEDS_RAW_ANSWER_REVIEW,
Card 037,SIGN_FLIP_GATE,a31b717b-3b3d-4f54-9f3b-2236e1370d22,V3,GR_GPS_001,General Relativity,Mistral Small 3.2 24B Instruct,velocity_shift_us_day,7.213057,-7.2,14.413057,1.99818981051,199.818981051,0.998189810506,-0.998189810506,-0.000786867713277,0.01,0.07213057,false,SIGN_FLIP,false,false,false,false,false,false,true,false,false,,grav_shift_us_day:MISMATCH;net_shift_us_day:MISMATCH;velocity_shift_us_day:MISMATCH,grav_shift_us_day;net_shift_us_day;velocity_shift_us_day,HARD_FAIL,0.6212500333786011,0.7204968944099379,0.542843272582544,0.9585109949111938,"The model value has the opposite sign while the magnitude is close, producing 199.82% relative error.","Is this a genuine sign-convention mistake, or did the prompt allow the opposite convention?",CONFIRM_GATE;REJECT_GATE_FALSE_POSITIVE;REASSIGN_TO_DIFFERENT_GATE;NEEDS_SCENARIO_CONTEXT;NEEDS_RAW_ANSWER_REVIEW,
Card 038,WRONG_FIELD_SCALE_GATE,d504b04e-bf1e-416b-a8f1-151658823740,V3,QFT_CASIMIR_001,Quantum Field Theory,Ministral 3 8B,energy_per_area_uJ_m2,0.433375,13.6,13.166625,30.3815979233,3038.15979233,31.3815979233,31.3815979233,1.49667505371,0.01,0.00433375,true,WRONG_FIELD_SCALE,false,false,false,false,false,false,false,false,true,pressure_pa,energy_per_area_uJ_m2:MISMATCH;pressure_double_d_pa:MISMATCH;pressure_pa:MISMATCH,energy_per_area_uJ_m2;pressure_double_d_pa;pressure_pa,HARD_FAIL,0.3779429793357849,0.581039755351682,0.533163617020546,0.9116668701171875,"The extracted value is closer to pressure_pa than to this field's gold value, suggesting a field-scale mixup.","Does this value genuinely correspond to another field, or is the ratio match accidental?",CONFIRM_GATE;REJECT_GATE_FALSE_POSITIVE;REASSIGN_TO_DIFFERENT_GATE;NEEDS_SCENARIO_CONTEXT;NEEDS_RAW_ANSWER_REVIEW,
Card 039,WRONG_FIELD_SCALE_GATE,7291fcc8-4808-4d96-8b8c-a5286af017df,V3,STAT_BEC_001,Statistical Mechanics,Gemma 4 31B IT,tc_nK,85.817924,183.5,97.682076,1.13824794923,113.824794923,2.13824794923,2.13824794923,0.330058064174,0.01,0.85817924,true,WRONG_FIELD_SCALE,false,false,false,false,false,false,false,false,true,tc_no_zeta_nK,tc_nK:MISMATCH;tc_no_zeta_nK:MISMATCH,tc_nK;tc_no_zeta_nK,HARD_FAIL,0.838113009929657,0.9242199108469539,0.9148267334660939,0.9628540873527527,"The extracted value is closer to tc_no_zeta_nK than to this field's gold value, suggesting a field-scale mixup.","Does this value genuinely correspond to another field, or is the ratio match accidental?",CONFIRM_GATE;REJECT_GATE_FALSE_POSITIVE;REASSIGN_TO_DIFFERENT_GATE;NEEDS_SCENARIO_CONTEXT;NEEDS_RAW_ANSWER_REVIEW,
Card 040,WRONG_FIELD_SCALE_GATE,3048c6ec-b6eb-429b-9e91-09317a088462,V4,GR_PERI_001,General Relativity,Llama 3.1 8B Instruct,advance_arcsec_orbit,0.103516,42.98,42.876484,414.201514742,41420.1514742,415.201514742,415.201514742,2.61825892924,0.01,0.00103516,true,WRONG_FIELD_SCALE,false,false,false,false,false,false,false,false,true,advance_arcsec_century,advance_arcsec_century:MISMATCH;advance_arcsec_orbit:MISMATCH,advance_arcsec_century;advance_arcsec_orbit,HARD_FAIL,0.36689043045043945,0.5561497326203209,0.6332950761244264,0.8566043972969055,"The extracted value is closer to advance_arcsec_century than to this field's gold value, suggesting a field-scale mixup.","Does this value genuinely correspond to another field, or is the ratio match accidental?",CONFIRM_GATE;REJECT_GATE_FALSE_POSITIVE;REASSIGN_TO_DIFFERENT_GATE;NEEDS_SCENARIO_CONTEXT;NEEDS_RAW_ANSWER_REVIEW,
Card 041,WRONG_FIELD_SCALE_GATE,ce5ffba6-337f-4787-9fca-5fd406284075,V4,QFT_UNRUH_001,Quantum Field Theory,Gemma 3 12B IT,unruh_temp_K,0.405501,2.64,2.234499,5.51046483239,551.046483239,6.51046483239,6.51046483239,0.813611997314,0.01,0.00405501,true,COMMON_FACTOR_2_OR_PI,false,true,false,false,false,false,false,false,true,accel_for_1K_e20,accel_for_1K_e20:MISMATCH;unruh_temp_K:MISMATCH,accel_for_1K_e20;unruh_temp_K,HARD_FAIL,0.7964816093444824,0.8898678414096917,0.9065366346047955,0.9411768317222595,"The extracted value is closer to accel_for_1K_e20 than to this field's gold value, suggesting a field-scale mixup.","Does this value genuinely correspond to another field, or is the ratio match accidental?",CONFIRM_GATE;REJECT_GATE_FALSE_POSITIVE;REASSIGN_TO_DIFFERENT_GATE;NEEDS_SCENARIO_CONTEXT;NEEDS_RAW_ANSWER_REVIEW,
Card 042,WRONG_FIELD_SCALE_GATE,c77d4a05-8f45-4584-89a7-4f848310ffcd,V5,QM_RT_001,Quantum Mechanics,Ministral 3 8B,energy_unit_ev,2.350189,9.47,7.119811,3.02946316232,302.946316232,4.02946316232,4.02946316232,0.605247189771,0.02,0.04700378,true,WRONG_FIELD_SCALE,false,false,false,false,false,false,false,false,true,first_resonance_ev,energy_unit_ev:MISMATCH;first_resonance_ev:MISMATCH,energy_unit_ev;first_resonance_ev,HARD_FAIL,0.19798259437084198,0.6226685796269728,0.6677583745848167,0.8893366456031799,"The extracted value is closer to first_resonance_ev than to this field's gold value, suggesting a field-scale mixup.","Does this value genuinely correspond to another field, or is the ratio match accidental?",CONFIRM_GATE;REJECT_GATE_FALSE_POSITIVE;REASSIGN_TO_DIFFERENT_GATE;NEEDS_SCENARIO_CONTEXT;NEEDS_RAW_ANSWER_REVIEW,
Card 043,UNCLASSIFIED_LARGE_GATE,a043fef4-92a9-4e39-8b94-4099ce5d7bd8,V2,GR_ISCO_001,General Relativity,Gemma 3 27B IT,f_orbital_hz,219.802347,2014.5,1794.697653,8.16505227308,816.505227308,9.16505227308,9.16505227308,0.962134946313,0.01,2.19802347,true,LARGE_NUMERIC_GT100PCT_UNCLASSIFIED,false,false,false,false,false,false,false,false,false,f_gw_hz,f_gw_hz:MISMATCH;f_orbital_hz:MISMATCH,f_gw_hz;f_orbital_hz,HARD_FAIL,0.8160530924797058,0.9244060475161987,0.9165113950985797,0.9425249695777893,The field is more than 100% away from gold but did not match a simple gate heuristic.,What is the simplest human-readable explanation for this large numeric miss?,CONFIRM_GATE;REJECT_GATE_FALSE_POSITIVE;REASSIGN_TO_DIFFERENT_GATE;NEEDS_SCENARIO_CONTEXT;NEEDS_RAW_ANSWER_REVIEW,
Card 044,UNCLASSIFIED_LARGE_GATE,d3255966-d397-4024-81e3-275d475b382f,V3,CM_APSIDAL_001,Classical Mechanics,Gemma 3 12B IT,precession_per_period_deg,-105.441559,528.8,634.241559,6.01510035526,601.510035526,5.01510035526,-5.01510035526,0.700279627945,0.01,1.05441559,false,LARGE_NUMERIC_GT100PCT_UNCLASSIFIED,false,false,false,false,false,false,false,false,false,apsidal_kepler_deg,apsidal_n_minus1_deg:MISMATCH;precession_per_period_deg:MISMATCH,apsidal_n_minus1_deg;precession_per_period_deg,HARD_FAIL,0.8189840316772461,0.8979591836734695,0.9035942479141906,0.937480092048645,The field is more than 100% away from gold but did not match a simple gate heuristic.,What is the simplest human-readable explanation for this large numeric miss?,CONFIRM_GATE;REJECT_GATE_FALSE_POSITIVE;REASSIGN_TO_DIFFERENT_GATE;NEEDS_SCENARIO_CONTEXT;NEEDS_RAW_ANSWER_REVIEW,
Card 045,UNCLASSIFIED_LARGE_GATE,c77d4a05-8f45-4584-89a7-4f848310ffcd,V5,QM_RT_001,Quantum Mechanics,Ministral 3 8B,first_resonance_ev,11.151697,77.23,66.078303,5.92540337134,592.540337134,6.92540337134,6.92540337134,0.840445074032,0.02,0.22303394,true,LARGE_NUMERIC_GT100PCT_UNCLASSIFIED,false,false,false,false,false,false,false,false,false,,energy_unit_ev:MISMATCH;first_resonance_ev:MISMATCH,energy_unit_ev;first_resonance_ev,HARD_FAIL,0.19798259437084198,0.6226685796269728,0.6677583745848167,0.8893366456031799,The field is more than 100% away from gold but did not match a simple gate heuristic.,What is the simplest human-readable explanation for this large numeric miss?,CONFIRM_GATE;REJECT_GATE_FALSE_POSITIVE;REASSIGN_TO_DIFFERENT_GATE;NEEDS_SCENARIO_CONTEXT;NEEDS_RAW_ANSWER_REVIEW,
Card 046,UNCLASSIFIED_LARGE_GATE,d765a40d-fb04-4ffc-9811-18c108bbbc6d,V5,QM_RT_001,Quantum Mechanics,Mistral Small 3.2 24B Instruct,first_resonance_ev,11.151697,60.9,49.748303,4.46105225061,446.105225061,5.46105225061,5.46105225061,0.737276331827,0.02,0.22303394,true,LARGE_NUMERIC_GT100PCT_UNCLASSIFIED,false,false,false,false,false,false,false,false,false,,energy_unit_ev:MISMATCH;first_resonance_ev:MISMATCH,energy_unit_ev;first_resonance_ev,HARD_FAIL,0.9046378135681152,0.95,0.9347036354019523,0.9586105942726135,The field is more than 100% away from gold but did not match a simple gate heuristic.,What is the simplest human-readable explanation for this large numeric miss?,CONFIRM_GATE;REJECT_GATE_FALSE_POSITIVE;REASSIGN_TO_DIFFERENT_GATE;NEEDS_SCENARIO_CONTEXT;NEEDS_RAW_ANSWER_REVIEW,
Card 047,UNCLASSIFIED_LARGE_GATE,5f80e95a-cfa7-40e3-8d99-042b87848d45,V5,COS_AGE_001,Cosmology,Mistral NeMo 12B,matter_age_gyr,9.312307,46.67,37.357693,4.01164748971,401.164748971,5.01164748971,5.01164748971,0.699980515902,0.01,0.09312307,true,LARGE_NUMERIC_GT100PCT_UNCLASSIFIED,false,false,false,false,false,false,false,false,false,hubble_time_gyr,hubble_time_gyr:MISMATCH;lcdm_age_gyr:MISMATCH;matter_age_gyr:MISMATCH,hubble_time_gyr;lcdm_age_gyr;matter_age_gyr,HARD_FAIL,0.8805186152458191,0.9466666666666667,0.9261181758519162,0.9508429765701294,The field is more than 100% away from gold but did not match a simple gate heuristic.,What is the simplest human-readable explanation for this large numeric miss?,CONFIRM_GATE;REJECT_GATE_FALSE_POSITIVE;REASSIGN_TO_DIFFERENT_GATE;NEEDS_SCENARIO_CONTEXT;NEEDS_RAW_ANSWER_REVIEW,
Card 048,UNCLASSIFIED_LARGE_GATE,f9c05801-ce09-4b39-8f13-c10a55d785b7,V4,COS_DESITTER_001,Cosmology,Gemma 3 12B IT,gh_temp_e30_K,2.757786,13.5,10.742214,3.89523117457,389.523117457,4.89523117457,4.89523117457,0.689773205939,0.01,0.02757786,true,LARGE_NUMERIC_GT100PCT_UNCLASSIFIED,false,false,false,false,false,false,false,false,false,horizon_gpc,efolds_to_gh:MISMATCH;gh_temp_e30_K:MISMATCH;horizon_gpc:MISMATCH,efolds_to_gh;gh_temp_e30_K;horizon_gpc,HARD_FAIL,-0.07853368669748306,0.4822695035460992,0.613224032259314,0.8535398244857788,The field is more than 100% away from gold but did not match a simple gate heuristic.,What is the simplest human-readable explanation for this large numeric miss?,CONFIRM_GATE;REJECT_GATE_FALSE_POSITIVE;REASSIGN_TO_DIFFERENT_GATE;NEEDS_SCENARIO_CONTEXT;NEEDS_RAW_ANSWER_REVIEW,
Card 049,UNCLASSIFIED_LARGE_GATE,bea3064c-f5a0-4eb4-a402-ebfb00b71e9f,V3,QFT_CASIMIR_001,Quantum Field Theory,Mistral NeMo 12B,energy_per_area_uJ_m2,0.433375,2.00,1.566625,3.61494087107,361.494087107,4.61494087107,4.61494087107,0.664166141,0.01,0.00433375,true,LARGE_NUMERIC_GT100PCT_UNCLASSIFIED,false,false,false,false,false,false,false,false,false,pressure_double_d_pa,energy_per_area_uJ_m2:MISMATCH;pressure_double_d_pa:MISMATCH;pressure_pa:MISMATCH,energy_per_area_uJ_m2;pressure_double_d_pa;pressure_pa,HARD_FAIL,0.5441675186157227,0.6677908937605397,0.5317119200857157,0.9551564455032349,The field is more than 100% away from gold but did not match a simple gate heuristic.,What is the simplest human-readable explanation for this large numeric miss?,CONFIRM_GATE;REJECT_GATE_FALSE_POSITIVE;REASSIGN_TO_DIFFERENT_GATE;NEEDS_SCENARIO_CONTEXT;NEEDS_RAW_ANSWER_REVIEW,
Card 050,UNCLASSIFIED_LARGE_GATE,1f6f2a74-79ab-47f8-8a96-512a80ae17d9,V4,GR_PERI_001,General Relativity,Gemma 3 27B IT,advance_arcsec_century,42.980208,181.0,138.019792,3.21124067152,321.124067152,4.21124067152,4.21124067152,0.624410061968,0.01,0.42980208,true,LARGE_NUMERIC_GT100PCT_UNCLASSIFIED,false,false,false,false,false,false,false,false,false,,advance_arcsec_century:MISMATCH;advance_arcsec_orbit:MISMATCH,advance_arcsec_century;advance_arcsec_orbit,HARD_FAIL,0.7629456520080566,0.888888888888889,0.8565015071461887,0.9126104116439819,The field is more than 100% away from gold but did not match a simple gate heuristic.,What is the simplest human-readable explanation for this large numeric miss?,CONFIRM_GATE;REJECT_GATE_FALSE_POSITIVE;REASSIGN_TO_DIFFERENT_GATE;NEEDS_SCENARIO_CONTEXT;NEEDS_RAW_ANSWER_REVIEW,
Card 051,UNCLASSIFIED_LARGE_GATE,d1f4f249-9011-47a1-bde1-4890e97d7e39,V5,GR_CHIRP_001,General Relativity,Gemma 4 31B IT,each_mass_msun,32.163554,131.64,99.476446,3.09283128351,309.283128351,4.09283128351,4.09283128351,0.612023842336,0.01,0.32163554,true,LARGE_NUMERIC_GT100PCT_UNCLASSIFIED,false,false,false,false,false,false,false,false,false,total_mass_msun,chirp_mass_msun:MISMATCH;each_mass_msun:MISMATCH;total_mass_msun:MISMATCH,chirp_mass_msun;each_mass_msun;total_mass_msun,HARD_FAIL,0.02982841245830059,0.5473965287049399,0.598232430072322,0.8200947046279907,The field is more than 100% away from gold but did not match a simple gate heuristic.,What is the simplest human-readable explanation for this large numeric miss?,CONFIRM_GATE;REJECT_GATE_FALSE_POSITIVE;REASSIGN_TO_DIFFERENT_GATE;NEEDS_SCENARIO_CONTEXT;NEEDS_RAW_ANSWER_REVIEW,
Card 052,UNCLASSIFIED_LARGE_GATE,eed5e543-0bf8-4de7-b85b-655c79dfb28c,V3,STAT_BEC_001,Statistical Mechanics,Mistral Small 3.2 24B Instruct,tc_no_zeta_nK,162.780255,636.0,473.219745,2.90710777545,290.710777545,3.90710777545,3.90710777545,0.591855391168,0.01,1.62780255,true,LARGE_NUMERIC_GT100PCT_UNCLASSIFIED,false,false,false,false,false,false,false,false,false,,tc_nK:MISMATCH;tc_no_zeta_nK:MISMATCH,tc_nK;tc_no_zeta_nK,HARD_FAIL,0.7269899249076843,0.8166666666666667,0.8612327700213779,0.9269658327102661,The field is more than 100% away from gold but did not match a simple gate heuristic.,What is the simplest human-readable explanation for this large numeric miss?,CONFIRM_GATE;REJECT_GATE_FALSE_POSITIVE;REASSIGN_TO_DIFFERENT_GATE;NEEDS_SCENARIO_CONTEXT;NEEDS_RAW_ANSWER_REVIEW,
