source_run_id,batch,scenario_id,category,model_name,original_deterministic_grade,original_error_tags,original_failed_fields,extraction_status,helper_status,field_name,expected_value,extracted_value,expected_abs_value,abs_error,rel_error,rel_error_percent,signed_error,signed_rel_error,original_rel_tolerance,original_abs_tolerance,original_field_pass,failure_type,abs_extracted_over_expected_ratio,signed_extracted_over_expected_ratio,log10_abs_ratio,sign_match,expected_sign,extracted_sign,expected_is_zero_or_near_zero,extracted_is_zero_or_near_zero,possible_factor_2_error,possible_factor_pi_error,possible_factor_10_error,possible_factor_100_error,possible_factor_1000_error,possible_reciprocal_error,possible_sign_flip,possible_zero_substitution,possible_unit_scale_error,possible_wrong_field_scale,wrong_field_scale_closest_field,preliminary_failure_pattern,notes
a3752b06-d12a-4b6f-b533-06abdc5a4a2d,V2,COS_CMB_001,Cosmology,Llama 3.1 8B Instruct,FAIL,T_rec_K:MISMATCH;log10_energy_ratio:MISMATCH;log10_number_ratio:MISMATCH,T_rec_K;log10_energy_ratio;log10_number_ratio,OK,OK,T_rec_K,3000.225,29885.275,3000.225,26885.05,8.96101125749,896.101125749,26885.05,8.96101125749,0.01,30.00225,false,numeric_mismatch,9.96101125749,9.96101125749,0.998303430919,true,positive,positive,false,false,false,false,true,false,false,false,false,false,false,false,,DECIMAL_OR_POWER_OF_TEN_SCALE,
0891d888-672d-4f87-bc31-5a40a8dfdd32,V2,GR_ISCO_001,General Relativity,Gemma 3 12B IT,FAIL,f_gw_hz:MISMATCH;f_orbital_hz:MISMATCH;r_isco_km:MISMATCH,f_gw_hz;f_orbital_hz;r_isco_km,OK,OK,f_gw_hz,439.604695,1.826e7,439.604695,18259560.3953,41536.3179761,4153631.79761,18259560.3953,41536.3179761,0.01,4.39604695,false,numeric_mismatch,41537.3179761,41537.3179761,4.61843845114,true,positive,positive,false,false,false,false,false,false,false,false,false,false,false,false,,ORDER_OF_MAGNITUDE_GT10X,gt1000_extreme_subset
0891d888-672d-4f87-bc31-5a40a8dfdd32,V2,GR_ISCO_001,General Relativity,Gemma 3 12B IT,FAIL,f_gw_hz:MISMATCH;f_orbital_hz:MISMATCH;r_isco_km:MISMATCH,f_gw_hz;f_orbital_hz;r_isco_km,OK,OK,f_orbital_hz,219.802347,9.13e6,219.802347,9129780.19765,41536.3180706,4153631.80706,9129780.19765,41536.3180706,0.01,2.19802347,false,numeric_mismatch,41537.3180706,41537.3180706,4.61843845212,true,positive,positive,false,false,false,false,false,false,false,false,false,false,false,false,f_gw_hz,ORDER_OF_MAGNITUDE_GT10X,closest_other_field=f_gw_hz;gt1000_extreme_subset
a043fef4-92a9-4e39-8b94-4099ce5d7bd8,V2,GR_ISCO_001,General Relativity,Gemma 3 27B IT,FAIL,f_gw_hz:MISMATCH;f_orbital_hz:MISMATCH,f_gw_hz;f_orbital_hz,OK,OK,f_gw_hz,439.604695,4029.0,439.604695,3589.395305,8.16505225223,816.505225223,3589.395305,8.16505225223,0.01,4.39604695,false,numeric_mismatch,9.16505225223,9.16505225223,0.962134945325,true,positive,positive,false,false,false,false,false,false,false,false,false,false,false,false,,LARGE_NUMERIC_GT100PCT_UNCLASSIFIED,
a043fef4-92a9-4e39-8b94-4099ce5d7bd8,V2,GR_ISCO_001,General Relativity,Gemma 3 27B IT,FAIL,f_gw_hz:MISMATCH;f_orbital_hz:MISMATCH,f_gw_hz;f_orbital_hz,OK,OK,f_orbital_hz,219.802347,2014.5,219.802347,1794.697653,8.16505227308,816.505227308,1794.697653,8.16505227308,0.01,2.19802347,false,numeric_mismatch,9.16505227308,9.16505227308,0.962134946313,true,positive,positive,false,false,false,false,false,false,false,false,false,false,false,false,f_gw_hz,LARGE_NUMERIC_GT100PCT_UNCLASSIFIED,closest_other_field=f_gw_hz
12ba6901-ab09-4608-812d-243a3ba8cb47,V2,GR_ISCO_001,General Relativity,Llama 3.1 8B Instruct,FAIL,f_gw_hz:MISMATCH;f_orbital_hz:MISMATCH;r_isco_km:MISMATCH,f_gw_hz;f_orbital_hz;r_isco_km,OK,OK,r_isco_km,88.620232,1.772\times10^{6},88.620232,1771911.37977,19994.4339998,1999443.39998,1771911.37977,19994.4339998,0.01,0.88620232,false,numeric_mismatch,19995.4339998,19995.4339998,4.30093083491,true,positive,positive,false,false,false,false,false,false,false,false,false,false,false,false,f_gw_hz,ORDER_OF_MAGNITUDE_GT10X,closest_other_field=f_gw_hz;gt1000_extreme_subset
6a0624c3-57f8-4327-8206-731c8c16e32e,V2,GR_ISCO_001,General Relativity,Ministral 3 8B,FAIL,f_gw_hz:MISMATCH;f_orbital_hz:MISMATCH;r_isco_km:MISMATCH,f_gw_hz;f_orbital_hz;r_isco_km,OK,OK,r_isco_km,88.620232,"8.86 \times 10^{3} \, \mathrm{km}",88.620232,8771.379768,98.9771699988,9897.71699988,8771.379768,98.9771699988,0.01,0.88620232,false,numeric_mismatch,99.9771699988,99.9771699988,1.99990083925,true,positive,positive,false,false,false,false,false,true,false,false,false,false,false,false,f_gw_hz,DECIMAL_OR_POWER_OF_TEN_SCALE,closest_other_field=f_gw_hz;gt1000_extreme_subset
ab92bfee-92d9-4fbc-b33c-4d25777badf5,V2,GR_ISCO_001,General Relativity,Mistral Small 3.2 24B Instruct,FAIL,f_gw_hz:MISMATCH;f_orbital_hz:MISMATCH;r_isco_km:MISMATCH,f_gw_hz;f_orbital_hz;r_isco_km,OK,OK,r_isco_km,88.620232,8859.6,88.620232,8770.979768,98.9726563568,9897.26563568,8770.979768,98.9726563568,0.01,0.88620232,false,numeric_mismatch,99.9726563568,99.9726563568,1.99988123183,true,positive,positive,false,false,false,false,false,true,false,false,false,false,false,false,f_gw_hz,DECIMAL_OR_POWER_OF_TEN_SCALE,closest_other_field=f_gw_hz;gt1000_extreme_subset
b29759a2-66b7-4fc4-ba87-3dfd71ad6ba3,V2,QFT_G2_001,Quantum Field Theory,Gemma 3 12B IT,FAIL,anomaly_times_1e3:MISMATCH,anomaly_times_1e3,OK,OK,anomaly_times_1e3,1.16141,7.2337,1.16141,6.07229,5.22837757553,522.837757553,6.07229,5.22837757553,0.01,0.0116141,false,numeric_mismatch,6.22837757553,6.22837757553,0.794374932412,true,positive,positive,false,false,false,true,false,false,false,false,false,false,false,false,g_factor,COMMON_FACTOR_2_OR_PI,closest_other_field=g_factor
96198746-3f2d-4926-bcef-e8433bbb98d7,V2,QFT_G2_001,Quantum Field Theory,Mistral NeMo 12B,FAIL,anomaly_times_1e3:MISMATCH,anomaly_times_1e3,OK,OK,anomaly_times_1e3,1.16141,3.626,1.16141,2.46459,2.12206714253,212.206714253,2.46459,2.12206714253,0.01,0.0116141,false,numeric_mismatch,3.12206714253,3.12206714253,0.494442238673,true,positive,positive,false,false,false,true,false,false,false,false,false,false,false,false,g_factor,COMMON_FACTOR_2_OR_PI,closest_other_field=g_factor
0a1bfb8e-7794-43ce-a724-e54da756c20b,V2,SR_ROCKET_001,Special Relativity,Gemma 3 12B IT,FAIL,distance_ly:MISMATCH;final_beta:MISMATCH;lab_time_yr:MISMATCH,distance_ly;final_beta;lab_time_yr,OK,OK,distance_ly,0.563194,9208.2,0.563194,9207.636806,16348.9611146,1634896.11146,9207.636806,16348.9611146,0.01,0.00563194,false,numeric_mismatch,16349.9611146,16349.9611146,4.21351672411,true,positive,positive,false,false,false,false,false,false,false,false,false,false,false,false,lab_time_yr,ORDER_OF_MAGNITUDE_GT10X,closest_other_field=lab_time_yr;gt1000_extreme_subset
0a1bfb8e-7794-43ce-a724-e54da756c20b,V2,SR_ROCKET_001,Special Relativity,Gemma 3 12B IT,FAIL,distance_ly:MISMATCH;final_beta:MISMATCH;lab_time_yr:MISMATCH,distance_ly;final_beta;lab_time_yr,OK,OK,lab_time_yr,1.187045,833.9999999999999,1.187045,832.812955,701.58499046,70158.499046,832.812955,701.58499046,0.01,0.01187045,false,numeric_mismatch,702.58499046,702.58499046,2.84669886759,true,positive,positive,false,false,false,false,false,false,false,false,false,false,false,false,,ORDER_OF_MAGNITUDE_GT10X,gt1000_extreme_subset
0fdbc6f7-aa2f-4d13-85e3-1de67d52d0f1,V2,SR_ROCKET_001,Special Relativity,Gemma 3 27B IT,FAIL,distance_ly:MISMATCH;final_beta:MISMATCH;lab_time_yr:MISMATCH,distance_ly;final_beta;lab_time_yr,OK,OK,distance_ly,0.563194,1.62,0.563194,1.056806,1.87645109856,187.645109856,1.056806,1.87645109856,0.01,0.00563194,false,numeric_mismatch,2.87645109856,2.87645109856,0.45885699515,true,positive,positive,false,false,false,false,false,false,false,false,false,false,false,false,lab_time_yr,LARGE_NUMERIC_GT100PCT_UNCLASSIFIED,closest_other_field=lab_time_yr
d3255966-d397-4024-81e3-275d475b382f,V3,CM_APSIDAL_001,Classical Mechanics,Gemma 3 12B IT,FAIL,apsidal_n_minus1_deg:MISMATCH;precession_per_period_deg:MISMATCH,apsidal_n_minus1_deg;precession_per_period_deg,OK,OK,apsidal_n_minus1_deg,127.279221,444.4,127.279221,317.120779,2.49153614006,249.153614006,317.120779,2.49153614006,0.01,1.27279221,false,numeric_mismatch,3.49153614006,3.49153614006,0.543016541679,true,positive,positive,false,false,false,false,false,false,false,false,false,false,false,false,apsidal_kepler_deg,LARGE_NUMERIC_GT100PCT_UNCLASSIFIED,closest_other_field=apsidal_kepler_deg
d3255966-d397-4024-81e3-275d475b382f,V3,CM_APSIDAL_001,Classical Mechanics,Gemma 3 12B IT,FAIL,apsidal_n_minus1_deg:MISMATCH;precession_per_period_deg:MISMATCH,apsidal_n_minus1_deg;precession_per_period_deg,OK,OK,precession_per_period_deg,-105.441559,528.8,105.441559,634.241559,6.01510035526,601.510035526,634.241559,6.01510035526,0.01,1.05441559,false,numeric_mismatch,5.01510035526,-5.01510035526,0.700279627945,false,negative,positive,false,false,false,false,false,false,false,false,false,false,false,false,apsidal_kepler_deg,LARGE_NUMERIC_GT100PCT_UNCLASSIFIED,closest_other_field=apsidal_kepler_deg
c5b81f9e-4521-4354-8a5d-745ff4c05bcf,V3,CM_APSIDAL_001,Classical Mechanics,Llama 3.1 8B Instruct,FAIL,apsidal_n_minus1_deg:MISMATCH;precession_per_period_deg:MISMATCH,apsidal_n_minus1_deg;precession_per_period_deg,OK,OK,precession_per_period_deg,-105.441559,6.86,105.441559,112.301559,1.06505973608,106.505973608,112.301559,1.06505973608,0.01,1.05441559,false,numeric_mismatch,0.0650597360762,-0.0650597360762,-1.18668770283,false,negative,positive,false,false,false,false,false,false,false,false,false,false,false,false,apsidal_harmonic_deg,ORDER_OF_MAGNITUDE_GT10X,closest_other_field=apsidal_harmonic_deg
8d88ebb6-c7fb-48bf-8150-c24d1049670c,V3,CM_APSIDAL_001,Classical Mechanics,Ministral 3 8B,FAIL,apsidal_n_minus1_deg:MISMATCH;precession_per_period_deg:MISMATCH,apsidal_n_minus1_deg;precession_per_period_deg,OK,OK,precession_per_period_deg,-105.441559,9.4712,105.441559,114.912759,1.08982416506,108.982416506,114.912759,1.08982416506,0.01,1.05441559,false,numeric_mismatch,0.0898241650619,-0.0898241650619,-1.04660681098,false,negative,positive,false,false,false,false,false,false,false,false,false,false,false,false,apsidal_harmonic_deg,ORDER_OF_MAGNITUDE_GT10X,closest_other_field=apsidal_harmonic_deg
4f06ea18-7b13-4c03-a4a7-37036abe296d,V3,COS_DL_001,Cosmology,Mistral NeMo 12B,FAIL,dl_eds_mpc:MISMATCH;dl_lcdm_mpc:MISMATCH;dl_linear_mpc:MISMATCH;hubble_distance_mpc:MISMATCH,dl_eds_mpc;dl_lcdm_mpc;dl_linear_mpc;hubble_distance_mpc,OK,OK,dl_eds_mpc,899.377374,44999.99,899.377374,44100.612626,49.0346031609,4903.46031609,44100.612626,49.0346031609,0.01,8.99377374,false,numeric_mismatch,50.0346031609,50.0346031609,1.69927045962,true,positive,positive,false,false,false,false,false,false,false,false,false,false,false,false,hubble_distance_mpc,ORDER_OF_MAGNITUDE_GT10X,closest_other_field=hubble_distance_mpc;gt1000_extreme_subset
4f06ea18-7b13-4c03-a4a7-37036abe296d,V3,COS_DL_001,Cosmology,Mistral NeMo 12B,FAIL,dl_eds_mpc:MISMATCH;dl_lcdm_mpc:MISMATCH;dl_linear_mpc:MISMATCH;hubble_distance_mpc:MISMATCH,dl_eds_mpc;dl_lcdm_mpc;dl_linear_mpc;hubble_distance_mpc,OK,OK,dl_lcdm_mpc,989.315111,49999.99,989.315111,49010.674889,49.5400043364,4954.00043364,49010.674889,49.5400043364,0.01,9.89315111,false,numeric_mismatch,50.5400043364,50.5400043364,1.70363527485,true,positive,positive,false,false,false,false,false,false,false,false,false,false,false,false,hubble_distance_mpc,ORDER_OF_MAGNITUDE_GT10X,closest_other_field=hubble_distance_mpc;gt1000_extreme_subset
4f06ea18-7b13-4c03-a4a7-37036abe296d,V3,COS_DL_001,Cosmology,Mistral NeMo 12B,FAIL,dl_eds_mpc:MISMATCH;dl_lcdm_mpc:MISMATCH;dl_linear_mpc:MISMATCH;hubble_distance_mpc:MISMATCH,dl_eds_mpc;dl_lcdm_mpc;dl_linear_mpc;hubble_distance_mpc,OK,OK,hubble_distance_mpc,4282.7494,42857.14,4282.7494,38574.3906,9.00692218882,900.692218882,38574.3906,9.00692218882,0.01,42.827494,false,numeric_mismatch,10.0069221888,10.0069221888,1.00030052284,true,positive,positive,false,false,false,false,true,false,false,false,false,false,false,false,,DECIMAL_OR_POWER_OF_TEN_SCALE,
0ada0fb0-29cc-4f10-b31a-705df74e52ae,V3,GR_GPS_001,General Relativity,Gemma 3 12B IT,FAIL,grav_shift_us_day:MISMATCH;net_shift_us_day:MISMATCH;velocity_shift_us_day:MISMATCH,grav_shift_us_day;net_shift_us_day;velocity_shift_us_day,OK,OK,grav_shift_us_day,45.719299,544,45.719299,498.280701,10.8986951222,1089.86951222,498.280701,10.8986951222,0.01,0.45719299,false,numeric_mismatch,11.8986951222,11.8986951222,1.07549933683,true,positive,positive,false,false,false,false,false,false,false,false,false,false,false,false,,ORDER_OF_MAGNITUDE_GT10X,gt1000_extreme_subset
0ada0fb0-29cc-4f10-b31a-705df74e52ae,V3,GR_GPS_001,General Relativity,Gemma 3 12B IT,FAIL,grav_shift_us_day:MISMATCH;net_shift_us_day:MISMATCH;velocity_shift_us_day:MISMATCH,grav_shift_us_day;net_shift_us_day;velocity_shift_us_day,OK,OK,net_shift_us_day,38.506242,537,38.506242,498.493758,12.9457909188,1294.57909188,498.493758,12.9457909188,0.01,0.38506242,false,numeric_mismatch,13.9457909188,13.9457909188,1.14444314979,true,positive,positive,false,false,false,false,false,false,false,false,false,false,false,false,grav_shift_us_day,ORDER_OF_MAGNITUDE_GT10X,closest_other_field=grav_shift_us_day;gt1000_extreme_subset
0ada0fb0-29cc-4f10-b31a-705df74e52ae,V3,GR_GPS_001,General Relativity,Gemma 3 12B IT,FAIL,grav_shift_us_day:MISMATCH;net_shift_us_day:MISMATCH;velocity_shift_us_day:MISMATCH,grav_shift_us_day;net_shift_us_day;velocity_shift_us_day,OK,OK,velocity_shift_us_day,7.213057,-7.21,7.213057,14.423057,1.99957618524,199.957618524,-14.423057,-1.99957618524,0.01,0.07213057,false,numeric_mismatch,0.999576185243,-0.999576185243,-0.000184099425116,false,positive,negative,false,false,false,false,false,false,false,false,true,false,false,false,,SIGN_FLIP,
e7473180-0785-429d-84d1-b9888a90bff4,V3,GR_GPS_001,General Relativity,Gemma 3 27B IT,FAIL,grav_shift_us_day:MISMATCH;net_shift_us_day:MISMATCH;velocity_shift_us_day:MISMATCH,grav_shift_us_day;net_shift_us_day;velocity_shift_us_day,OK,OK,velocity_shift_us_day,7.213057,-7.21,7.213057,14.423057,1.99957618524,199.957618524,-14.423057,-1.99957618524,0.01,0.07213057,false,numeric_mismatch,0.999576185243,-0.999576185243,-0.000184099425116,false,positive,negative,false,false,false,false,false,false,false,false,true,false,false,false,,SIGN_FLIP,
83128479-f3b5-4076-b4d8-697f3b7632f1,V3,GR_GPS_001,General Relativity,Gemma 4 31B IT,FAIL,velocity_shift_us_day:MISMATCH,velocity_shift_us_day,OK,OK,velocity_shift_us_day,7.213057,-7.2,7.213057,14.413057,1.99818981051,199.818981051,-14.413057,-1.99818981051,0.01,0.07213057,false,numeric_mismatch,0.998189810506,-0.998189810506,-0.000786867713277,false,positive,negative,false,false,false,false,false,false,false,false,true,false,false,false,,SIGN_FLIP,
9991d196-4513-449c-9fa5-bc9e85fe608f,V3,GR_GPS_001,General Relativity,Granite 4.1 8B,FAIL,velocity_shift_us_day:MISMATCH,velocity_shift_us_day,OK,OK,velocity_shift_us_day,7.213057,-7.2,7.213057,14.413057,1.99818981051,199.818981051,-14.413057,-1.99818981051,0.01,0.07213057,false,numeric_mismatch,0.998189810506,-0.998189810506,-0.000786867713277,false,positive,negative,false,false,false,false,false,false,false,false,true,false,false,false,,SIGN_FLIP,
637b75a5-6869-433d-b669-e89b15b2555e,V3,GR_GPS_001,General Relativity,Llama 3.1 8B Instruct,FAIL,grav_shift_us_day:MISMATCH;net_shift_us_day:MISMATCH;velocity_shift_us_day:MISMATCH,grav_shift_us_day;net_shift_us_day;velocity_shift_us_day,OK,OK,grav_shift_us_day,45.719299,74600,45.719299,74554.280701,1630.69605903,163069.605903,74554.280701,1630.69605903,0.01,0.45719299,false,numeric_mismatch,1631.69605903,1631.69605903,3.2126392646,true,positive,positive,false,false,false,false,false,false,false,false,false,false,false,false,,ORDER_OF_MAGNITUDE_GT10X,gt1000_extreme_subset
637b75a5-6869-433d-b669-e89b15b2555e,V3,GR_GPS_001,General Relativity,Llama 3.1 8B Instruct,FAIL,grav_shift_us_day:MISMATCH;net_shift_us_day:MISMATCH;velocity_shift_us_day:MISMATCH,grav_shift_us_day;net_shift_us_day;velocity_shift_us_day,OK,OK,net_shift_us_day,38.506242,240,38.506242,201.493758,5.23275571789,523.275571789,201.493758,5.23275571789,0.01,0.38506242,false,numeric_mismatch,6.23275571789,6.23275571789,0.794680105802,true,positive,positive,false,false,false,true,false,false,false,false,false,false,false,false,grav_shift_us_day,COMMON_FACTOR_2_OR_PI,closest_other_field=grav_shift_us_day
637b75a5-6869-433d-b669-e89b15b2555e,V3,GR_GPS_001,General Relativity,Llama 3.1 8B Instruct,FAIL,grav_shift_us_day:MISMATCH;net_shift_us_day:MISMATCH;velocity_shift_us_day:MISMATCH,grav_shift_us_day;net_shift_us_day;velocity_shift_us_day,OK,OK,velocity_shift_us_day,7.213057,-72200,7.213057,72207.213057,10010.6255998,1001062.55998,-72207.213057,-10010.6255998,0.01,0.07213057,false,numeric_mismatch,10009.6255998,-10009.6255998,4.00041783343,false,positive,negative,false,false,false,false,false,false,false,false,false,false,false,false,,ORDER_OF_MAGNITUDE_GT10X,gt1000_extreme_subset
30e59015-74c8-4d8c-abe8-a916e9150032,V3,GR_GPS_001,General Relativity,Ministral 3 8B,FAIL,grav_shift_us_day:MISMATCH;net_shift_us_day:MISMATCH;velocity_shift_us_day:MISMATCH,grav_shift_us_day;net_shift_us_day;velocity_shift_us_day,OK,OK,net_shift_us_day,38.506242,"-27.3,",38.506242,65.806242,1.70897596291,170.897596291,-65.806242,-1.70897596291,0.01,0.38506242,false,numeric_mismatch,0.70897596291,-0.70897596291,-0.149368488868,false,positive,negative,false,false,false,false,false,false,false,false,false,false,false,false,velocity_shift_us_day,LARGE_NUMERIC_GT100PCT_UNCLASSIFIED,closest_other_field=velocity_shift_us_day
30e59015-74c8-4d8c-abe8-a916e9150032,V3,GR_GPS_001,General Relativity,Ministral 3 8B,FAIL,grav_shift_us_day:MISMATCH;net_shift_us_day:MISMATCH;velocity_shift_us_day:MISMATCH,grav_shift_us_day;net_shift_us_day;velocity_shift_us_day,OK,OK,velocity_shift_us_day,7.213057,-72.2.,7.213057,79.413057,11.0096255998,1100.96255998,-79.413057,-11.0096255998,0.01,0.07213057,false,numeric_mismatch,10.0096255998,-10.0096255998,1.00041783343,false,positive,negative,false,false,false,false,true,false,false,false,false,false,false,false,,DECIMAL_OR_POWER_OF_TEN_SCALE,gt1000_extreme_subset
69fbc5d3-4c42-43a5-bee4-fd591d229ef9,V3,GR_GPS_001,General Relativity,Mistral NeMo 12B,FAIL,grav_shift_us_day:MISMATCH;net_shift_us_day:MISMATCH;velocity_shift_us_day:MISMATCH,grav_shift_us_day;net_shift_us_day;velocity_shift_us_day,OK,OK,net_shift_us_day,38.506242,-5.22,38.506242,43.726242,1.13556243686,113.556243686,-43.726242,-1.13556243686,0.01,0.38506242,false,numeric_mismatch,0.135562436864,-0.135562436864,-0.867860632907,false,positive,negative,false,false,false,false,false,false,false,false,false,false,false,false,velocity_shift_us_day,LARGE_NUMERIC_GT100PCT_UNCLASSIFIED,closest_other_field=velocity_shift_us_day
69fbc5d3-4c42-43a5-bee4-fd591d229ef9,V3,GR_GPS_001,General Relativity,Mistral NeMo 12B,FAIL,grav_shift_us_day:MISMATCH;net_shift_us_day:MISMATCH;velocity_shift_us_day:MISMATCH,grav_shift_us_day;net_shift_us_day;velocity_shift_us_day,OK,OK,velocity_shift_us_day,7.213057,-7.21,7.213057,14.423057,1.99957618524,199.957618524,-14.423057,-1.99957618524,0.01,0.07213057,false,numeric_mismatch,0.999576185243,-0.999576185243,-0.000184099425116,false,positive,negative,false,false,false,false,false,false,false,false,true,false,false,false,,SIGN_FLIP,
a31b717b-3b3d-4f54-9f3b-2236e1370d22,V3,GR_GPS_001,General Relativity,Mistral Small 3.2 24B Instruct,FAIL,grav_shift_us_day:MISMATCH;net_shift_us_day:MISMATCH;velocity_shift_us_day:MISMATCH,grav_shift_us_day;net_shift_us_day;velocity_shift_us_day,OK,OK,velocity_shift_us_day,7.213057,-7.2,7.213057,14.413057,1.99818981051,199.818981051,-14.413057,-1.99818981051,0.01,0.07213057,false,numeric_mismatch,0.998189810506,-0.998189810506,-0.000786867713277,false,positive,negative,false,false,false,false,false,false,false,false,true,false,false,false,,SIGN_FLIP,
dbbe1d7b-1475-462c-878a-493a65482ef5,V3,QFT_CASIMIR_001,Quantum Field Theory,Gemma 3 12B IT,FAIL,energy_per_area_uJ_m2:MISMATCH;pressure_double_d_pa:MISMATCH;pressure_pa:MISMATCH,energy_per_area_uJ_m2;pressure_double_d_pa;pressure_pa,OK,OK,energy_per_area_uJ_m2,0.433375,126.8,0.433375,126.366625,291.587251226,29158.7251226,126.366625,291.587251226,0.01,0.00433375,false,numeric_mismatch,292.587251226,292.587251226,2.46625539888,true,positive,positive,false,false,false,false,false,false,false,false,false,false,false,false,pressure_pa,ORDER_OF_MAGNITUDE_GT10X,closest_other_field=pressure_pa;gt1000_extreme_subset
dbbe1d7b-1475-462c-878a-493a65482ef5,V3,QFT_CASIMIR_001,Quantum Field Theory,Gemma 3 12B IT,FAIL,energy_per_area_uJ_m2:MISMATCH;pressure_double_d_pa:MISMATCH;pressure_pa:MISMATCH,energy_per_area_uJ_m2;pressure_double_d_pa;pressure_pa,OK,OK,pressure_double_d_pa,0.812579,569.31,0.812579,568.497421,699.62110884,69962.110884,568.497421,699.62110884,0.01,0.00812579,false,numeric_mismatch,700.62110884,700.62110884,2.84548321793,true,positive,positive,false,false,false,false,false,false,false,false,false,false,false,false,pressure_pa,ORDER_OF_MAGNITUDE_GT10X,closest_other_field=pressure_pa;gt1000_extreme_subset
dbbe1d7b-1475-462c-878a-493a65482ef5,V3,QFT_CASIMIR_001,Quantum Field Theory,Gemma 3 12B IT,FAIL,energy_per_area_uJ_m2:MISMATCH;pressure_double_d_pa:MISMATCH;pressure_pa:MISMATCH,energy_per_area_uJ_m2;pressure_double_d_pa;pressure_pa,OK,OK,pressure_pa,13.001258,9129.03,13.001258,9116.028742,701.165128944,70116.5128944,9116.028742,701.165128944,0.01,0.13001258,false,numeric_mismatch,702.165128944,702.165128944,2.84643925765,true,positive,positive,false,false,false,false,false,false,false,false,false,false,false,false,,ORDER_OF_MAGNITUDE_GT10X,gt1000_extreme_subset
4dde1392-4ac8-428c-b9da-6bcc205ea668,V3,QFT_CASIMIR_001,Quantum Field Theory,Gemma 4 31B IT,FAIL,energy_per_area_uJ_m2:MISMATCH;pressure_double_d_pa:MISMATCH;pressure_pa:MISMATCH,energy_per_area_uJ_m2;pressure_double_d_pa;pressure_pa,OK,OK,energy_per_area_uJ_m2,0.433375,4.337,0.433375,3.903625,9.00749927892,900.749927892,3.903625,9.00749927892,0.01,0.00433375,false,numeric_mismatch,10.0074992789,10.0074992789,1.00032556748,true,positive,positive,false,false,false,false,true,false,false,false,false,false,false,false,pressure_double_d_pa,DECIMAL_OR_POWER_OF_TEN_SCALE,closest_other_field=pressure_double_d_pa
4dde1392-4ac8-428c-b9da-6bcc205ea668,V3,QFT_CASIMIR_001,Quantum Field Theory,Gemma 4 31B IT,FAIL,energy_per_area_uJ_m2:MISMATCH;pressure_double_d_pa:MISMATCH;pressure_pa:MISMATCH,energy_per_area_uJ_m2;pressure_double_d_pa;pressure_pa,OK,OK,pressure_double_d_pa,0.812579,8.13,0.812579,7.317421,9.00518103471,900.518103471,7.317421,9.00518103471,0.01,0.00812579,false,numeric_mismatch,10.0051810347,10.0051810347,1.00022495121,true,positive,positive,false,false,false,false,true,false,false,false,false,false,false,false,pressure_pa,DECIMAL_OR_POWER_OF_TEN_SCALE,closest_other_field=pressure_pa
4dde1392-4ac8-428c-b9da-6bcc205ea668,V3,QFT_CASIMIR_001,Quantum Field Theory,Gemma 4 31B IT,FAIL,energy_per_area_uJ_m2:MISMATCH;pressure_double_d_pa:MISMATCH;pressure_pa:MISMATCH,energy_per_area_uJ_m2;pressure_double_d_pa;pressure_pa,OK,OK,pressure_pa,13.001258,130.1,13.001258,117.098742,9.00672396471,900.672396471,117.098742,9.00672396471,0.01,0.13001258,false,numeric_mismatch,10.0067239647,10.0067239647,1.00029191995,true,positive,positive,false,false,false,false,true,false,false,false,false,false,false,false,,DECIMAL_OR_POWER_OF_TEN_SCALE,
0ed2217a-06ad-4917-b517-25fdcad0cab9,V3,QFT_CASIMIR_001,Quantum Field Theory,Llama 3.1 8B Instruct,FAIL,energy_per_area_uJ_m2:MISMATCH;pressure_double_d_pa:MISMATCH;pressure_pa:MISMATCH,energy_per_area_uJ_m2;pressure_double_d_pa;pressure_pa,OK,OK,pressure_double_d_pa,0.812579,4300,0.812579,4299.187421,5290.79316719,529079.316719,4299.187421,5290.79316719,0.01,0.00812579,false,numeric_mismatch,5291.79316719,5291.79316719,3.72360286119,true,positive,positive,false,false,false,false,false,false,false,false,false,false,false,false,pressure_pa,ORDER_OF_MAGNITUDE_GT10X,closest_other_field=pressure_pa;gt1000_extreme_subset
0ed2217a-06ad-4917-b517-25fdcad0cab9,V3,QFT_CASIMIR_001,Quantum Field Theory,Llama 3.1 8B Instruct,FAIL,energy_per_area_uJ_m2:MISMATCH;pressure_double_d_pa:MISMATCH;pressure_pa:MISMATCH,energy_per_area_uJ_m2;pressure_double_d_pa;pressure_pa,OK,OK,pressure_pa,13.001258,6880,13.001258,6866.998742,528.179560932,52817.9560932,6866.998742,528.179560932,0.01,0.13001258,false,numeric_mismatch,529.179560932,529.179560932,2.72360306162,true,positive,positive,false,false,false,false,false,false,false,false,false,false,false,false,,ORDER_OF_MAGNITUDE_GT10X,gt1000_extreme_subset
d504b04e-bf1e-416b-a8f1-151658823740,V3,QFT_CASIMIR_001,Quantum Field Theory,Ministral 3 8B,FAIL,energy_per_area_uJ_m2:MISMATCH;pressure_double_d_pa:MISMATCH;pressure_pa:MISMATCH,energy_per_area_uJ_m2;pressure_double_d_pa;pressure_pa,OK,OK,energy_per_area_uJ_m2,0.433375,13.6,0.433375,13.166625,30.3815979233,3038.15979233,13.166625,30.3815979233,0.01,0.00433375,false,numeric_mismatch,31.3815979233,31.3815979233,1.49667505371,true,positive,positive,false,false,false,false,false,false,false,false,false,false,false,true,pressure_pa,WRONG_FIELD_SCALE,closest_other_field=pressure_pa;gt1000_extreme_subset
bea3064c-f5a0-4eb4-a402-ebfb00b71e9f,V3,QFT_CASIMIR_001,Quantum Field Theory,Mistral NeMo 12B,FAIL,energy_per_area_uJ_m2:MISMATCH;pressure_double_d_pa:MISMATCH;pressure_pa:MISMATCH,energy_per_area_uJ_m2;pressure_double_d_pa;pressure_pa,OK,OK,energy_per_area_uJ_m2,0.433375,2.00,0.433375,1.566625,3.61494087107,361.494087107,1.566625,3.61494087107,0.01,0.00433375,false,numeric_mismatch,4.61494087107,4.61494087107,0.664166141,true,positive,positive,false,false,false,false,false,false,false,false,false,false,false,false,pressure_double_d_pa,LARGE_NUMERIC_GT100PCT_UNCLASSIFIED,closest_other_field=pressure_double_d_pa
1af000e0-80c0-45b3-9f95-f707072fdac3,V3,QFT_CASIMIR_001,Quantum Field Theory,Mistral Small 3.2 24B Instruct,FAIL,energy_per_area_uJ_m2:MISMATCH;pressure_double_d_pa:MISMATCH;pressure_pa:MISMATCH,energy_per_area_uJ_m2;pressure_double_d_pa;pressure_pa,OK,OK,energy_per_area_uJ_m2,0.433375,65.2,0.433375,64.766625,149.447072397,14944.7072397,64.766625,149.447072397,0.01,0.00433375,false,numeric_mismatch,150.447072397,150.447072397,2.17738374107,true,positive,positive,false,false,false,false,false,false,false,false,false,false,false,false,pressure_pa,ORDER_OF_MAGNITUDE_GT10X,closest_other_field=pressure_pa;gt1000_extreme_subset
252e5a22-0a7b-412b-ae8c-1e0bc538da7c,V3,QM_TUNNEL_001,Quantum Mechanics,Gemma 3 12B IT,FAIL,kappa_L:MISMATCH;kappa_per_nm:MISMATCH;log10_T:MISMATCH,kappa_L;kappa_per_nm;log10_T,OK,OK,kappa_L,10.246334,2293,10.246334,2282.753666,222.787356532,22278.7356532,2282.753666,222.787356532,0.01,0.10246334,false,numeric_mismatch,223.787356532,223.787356532,2.34983554625,true,positive,positive,false,false,false,false,false,false,false,false,false,false,false,false,,ORDER_OF_MAGNITUDE_GT10X,gt1000_extreme_subset
252e5a22-0a7b-412b-ae8c-1e0bc538da7c,V3,QM_TUNNEL_001,Quantum Mechanics,Gemma 3 12B IT,FAIL,kappa_L:MISMATCH;kappa_per_nm:MISMATCH;log10_T:MISMATCH,kappa_L;kappa_per_nm;log10_T,OK,OK,kappa_per_nm,10.246334,2293,10.246334,2282.753666,222.787356532,22278.7356532,2282.753666,222.787356532,0.01,0.10246334,false,numeric_mismatch,223.787356532,223.787356532,2.34983554625,true,positive,positive,false,false,false,false,false,false,false,false,false,false,false,false,,ORDER_OF_MAGNITUDE_GT10X,gt1000_extreme_subset
252e5a22-0a7b-412b-ae8c-1e0bc538da7c,V3,QM_TUNNEL_001,Quantum Mechanics,Gemma 3 12B IT,FAIL,kappa_L:MISMATCH;kappa_per_nm:MISMATCH;log10_T:MISMATCH,kappa_L;kappa_per_nm;log10_T,OK,OK,log10_T,-8.491613,-2163.3,8.491613,2154.808387,253.757252833,25375.7252833,-2154.808387,-253.757252833,0.01,0.08491613,false,numeric_mismatch,254.757252833,254.757252833,2.40612655704,true,negative,negative,false,false,false,false,false,false,false,false,false,false,false,false,,ORDER_OF_MAGNITUDE_GT10X,gt1000_extreme_subset
633ca832-c7c2-4e57-8667-0e5462503514,V3,QM_TUNNEL_001,Quantum Mechanics,Gemma 3 27B IT,FAIL,kappa_L:MISMATCH;kappa_per_nm:MISMATCH;log10_T:MISMATCH,kappa_L;kappa_per_nm;log10_T,OK,OK,kappa_per_nm,10.246334,3.39 \times 10^4,10.246334,33889.753666,3307.50038658,330750.038658,33889.753666,3307.50038658,0.01,0.10246334,false,numeric_mismatch,3308.50038658,3308.50038658,3.51963118972,true,positive,positive,false,false,false,false,false,false,false,false,false,false,false,false,,ORDER_OF_MAGNITUDE_GT10X,gt1000_extreme_subset
69105aad-c0ce-42d1-bb33-a335484e353a,V3,QM_TUNNEL_001,Quantum Mechanics,Ministral 3 8B,FAIL,kappa_L:MISMATCH;kappa_per_nm:MISMATCH;log10_T:MISMATCH,kappa_L;kappa_per_nm;log10_T,OK,OK,kappa_per_nm,10.246334,2.70 \times 10^{10},10.246334,26999999989.8,2635088802.47,263508880247,26999999989.8,2635088802.47,0.01,0.10246334,false,numeric_mismatch,2635088803.47,2635088803.47,9.42079525568,true,positive,positive,false,false,false,false,false,false,false,false,false,false,false,false,,ORDER_OF_MAGNITUDE_GT10X,gt1000_extreme_subset
188bc4ef-e984-49f4-b584-bd3a99572a45,V3,STAT_BEC_001,Statistical Mechanics,Gemma 3 27B IT,FAIL,tc_nK:MISMATCH;tc_no_zeta_nK:MISMATCH,tc_nK;tc_no_zeta_nK,OK,OK,tc_nK,85.817924,1658,85.817924,1572.182076,18.319973296,1831.9973296,1572.182076,18.319973296,0.01,0.85817924,false,numeric_mismatch,19.319973296,19.319973296,1.2860065218,true,positive,positive,false,false,false,false,false,false,false,false,false,false,false,false,tc_no_zeta_nK,ORDER_OF_MAGNITUDE_GT10X,closest_other_field=tc_no_zeta_nK;gt1000_extreme_subset
188bc4ef-e984-49f4-b584-bd3a99572a45,V3,STAT_BEC_001,Statistical Mechanics,Gemma 3 27B IT,FAIL,tc_nK:MISMATCH;tc_no_zeta_nK:MISMATCH,tc_nK;tc_no_zeta_nK,OK,OK,tc_no_zeta_nK,162.780255,3150,162.780255,2987.219745,18.3512413407,1835.12413407,2987.219745,18.3512413407,0.01,1.62780255,false,numeric_mismatch,19.3512413407,19.3512413407,1.28670882931,true,positive,positive,false,false,false,false,false,false,false,false,false,false,false,false,,ORDER_OF_MAGNITUDE_GT10X,gt1000_extreme_subset
7291fcc8-4808-4d96-8b8c-a5286af017df,V3,STAT_BEC_001,Statistical Mechanics,Gemma 4 31B IT,FAIL,tc_nK:MISMATCH;tc_no_zeta_nK:MISMATCH,tc_nK;tc_no_zeta_nK,OK,OK,tc_nK,85.817924,183.5,85.817924,97.682076,1.13824794923,113.824794923,97.682076,1.13824794923,0.01,0.85817924,false,numeric_mismatch,2.13824794923,2.13824794923,0.330058064174,true,positive,positive,false,false,false,false,false,false,false,false,false,false,false,true,tc_no_zeta_nK,WRONG_FIELD_SCALE,closest_other_field=tc_no_zeta_nK
7291fcc8-4808-4d96-8b8c-a5286af017df,V3,STAT_BEC_001,Statistical Mechanics,Gemma 4 31B IT,FAIL,tc_nK:MISMATCH;tc_no_zeta_nK:MISMATCH,tc_nK;tc_no_zeta_nK,OK,OK,tc_no_zeta_nK,162.780255,347.1,162.780255,184.319745,1.1323224982,113.23224982,184.319745,1.1323224982,0.01,1.62780255,false,numeric_mismatch,2.1323224982,2.1323224982,0.328852889191,true,positive,positive,false,false,false,false,false,false,false,false,false,false,false,false,,LARGE_NUMERIC_GT100PCT_UNCLASSIFIED,
eed5e543-0bf8-4de7-b85b-655c79dfb28c,V3,STAT_BEC_001,Statistical Mechanics,Mistral Small 3.2 24B Instruct,FAIL,tc_nK:MISMATCH;tc_no_zeta_nK:MISMATCH,tc_nK;tc_no_zeta_nK,OK,OK,tc_nK,85.817924,333.5,85.817924,247.682076,2.88613455623,288.613455623,247.682076,2.88613455623,0.01,0.85817924,false,numeric_mismatch,3.88613455623,3.88613455623,0.589517833838,true,positive,positive,false,false,false,false,false,false,false,false,false,false,false,false,tc_no_zeta_nK,LARGE_NUMERIC_GT100PCT_UNCLASSIFIED,closest_other_field=tc_no_zeta_nK
eed5e543-0bf8-4de7-b85b-655c79dfb28c,V3,STAT_BEC_001,Statistical Mechanics,Mistral Small 3.2 24B Instruct,FAIL,tc_nK:MISMATCH;tc_no_zeta_nK:MISMATCH,tc_nK;tc_no_zeta_nK,OK,OK,tc_no_zeta_nK,162.780255,636.0,162.780255,473.219745,2.90710777545,290.710777545,473.219745,2.90710777545,0.01,1.62780255,false,numeric_mismatch,3.90710777545,3.90710777545,0.591855391168,true,positive,positive,false,false,false,false,false,false,false,false,false,false,false,false,,LARGE_NUMERIC_GT100PCT_UNCLASSIFIED,
cf0f5553-a37e-484c-b664-53217a238526,V4,CM_KAPITZA_001,Classical Mechanics,Gemma 3 12B IT,FAIL,f_min_hz:MISMATCH;omega_min_rad_s:MISMATCH,f_min_hz;omega_min_rad_s,OK,OK,f_min_hz,15.763572,155.9,15.763572,140.136428,8.88989043854,888.989043854,140.136428,8.88989043854,0.01,0.15763572,false,numeric_mismatch,9.88989043854,9.88989043854,0.995191480454,true,positive,positive,false,false,false,false,true,false,false,false,false,false,false,false,omega_min_rad_s,DECIMAL_OR_POWER_OF_TEN_SCALE,closest_other_field=omega_min_rad_s
cf0f5553-a37e-484c-b664-53217a238526,V4,CM_KAPITZA_001,Classical Mechanics,Gemma 3 12B IT,FAIL,f_min_hz:MISMATCH;omega_min_rad_s:MISMATCH,f_min_hz;omega_min_rad_s,OK,OK,omega_min_rad_s,99.045444,981,99.045444,881.954556,8.90454442306,890.454442306,881.954556,8.90454442306,0.01,0.99045444,false,numeric_mismatch,9.90454442306,9.90454442306,0.995834504196,true,positive,positive,false,false,false,false,true,false,false,false,false,false,false,false,,DECIMAL_OR_POWER_OF_TEN_SCALE,
cc0939dc-5379-4225-915b-cef4d5883b59,V4,CM_KAPITZA_001,Classical Mechanics,Gemma 3 27B IT,FAIL,f_min_hz:MISMATCH;omega_min_rad_s:MISMATCH,f_min_hz;omega_min_rad_s,OK,OK,f_min_hz,15.763572,49.85,15.763572,34.086428,2.16235431919,216.235431919,34.086428,2.16235431919,0.01,0.15763572,false,numeric_mismatch,3.16235431919,3.16235431919,0.500010527913,true,positive,positive,false,false,false,true,false,false,false,false,false,false,false,false,,COMMON_FACTOR_2_OR_PI,
cc0939dc-5379-4225-915b-cef4d5883b59,V4,CM_KAPITZA_001,Classical Mechanics,Gemma 3 27B IT,FAIL,f_min_hz:MISMATCH;omega_min_rad_s:MISMATCH,f_min_hz;omega_min_rad_s,OK,OK,omega_min_rad_s,99.045444,313.2,99.045444,214.154556,2.16218482498,216.218482498,214.154556,2.16218482498,0.01,0.99045444,false,numeric_mismatch,3.16218482498,3.16218482498,0.499987250202,true,positive,positive,false,false,false,true,false,false,false,false,false,false,false,false,,COMMON_FACTOR_2_OR_PI,
6cf088ae-d374-4809-90c5-c1620139f384,V4,CM_KAPITZA_001,Classical Mechanics,Ministral 3 8B,FAIL,f_min_hz:MISMATCH;omega_min_rad_s:MISMATCH,f_min_hz;omega_min_rad_s,OK,OK,f_min_hz,15.763572,35.27,15.763572,19.506428,1.2374370479,123.74370479,19.506428,1.2374370479,0.01,0.15763572,false,numeric_mismatch,2.2374370479,2.2374370479,0.349750824933,true,positive,positive,false,false,false,false,false,false,false,false,false,false,false,false,,LARGE_NUMERIC_GT100PCT_UNCLASSIFIED,
6cf088ae-d374-4809-90c5-c1620139f384,V4,CM_KAPITZA_001,Classical Mechanics,Ministral 3 8B,FAIL,f_min_hz:MISMATCH;omega_min_rad_s:MISMATCH,f_min_hz;omega_min_rad_s,OK,OK,omega_min_rad_s,99.045444,221.5,99.045444,122.454556,1.23634718625,123.634718625,122.454556,1.23634718625,0.01,0.99045444,false,numeric_mismatch,2.23634718625,2.23634718625,0.349539227375,true,positive,positive,false,false,false,false,false,false,false,false,false,false,false,false,,LARGE_NUMERIC_GT100PCT_UNCLASSIFIED,
ec03508e-f8ed-498f-9a9c-f2bd032d5130,V4,CM_KAPITZA_001,Classical Mechanics,Mistral Small 3.2 24B Instruct,FAIL,f_min_hz:MISMATCH;omega_min_rad_s:MISMATCH,f_min_hz;omega_min_rad_s,OK,OK,f_min_hz,15.763572,157.3,15.763572,141.536428,8.97870279655,897.870279655,141.536428,8.97870279655,0.01,0.15763572,false,numeric_mismatch,9.97870279655,9.97870279655,0.999074087889,true,positive,positive,false,false,false,false,true,false,false,false,false,false,false,false,omega_min_rad_s,DECIMAL_OR_POWER_OF_TEN_SCALE,closest_other_field=omega_min_rad_s
ec03508e-f8ed-498f-9a9c-f2bd032d5130,V4,CM_KAPITZA_001,Classical Mechanics,Mistral Small 3.2 24B Instruct,FAIL,f_min_hz:MISMATCH;omega_min_rad_s:MISMATCH,f_min_hz;omega_min_rad_s,OK,OK,omega_min_rad_s,99.045444,990.5,99.045444,891.454556,9.00045999087,900.045999087,891.454556,9.00045999087,0.01,0.99045444,false,numeric_mismatch,10.0004599909,10.0004599909,1.00001997669,true,positive,positive,false,false,false,false,true,false,false,false,false,false,false,false,,DECIMAL_OR_POWER_OF_TEN_SCALE,
f9c05801-ce09-4b39-8f13-c10a55d785b7,V4,COS_DESITTER_001,Cosmology,Gemma 3 12B IT,FAIL,efolds_to_gh:MISMATCH;gh_temp_e30_K:MISMATCH;horizon_gpc:MISMATCH,efolds_to_gh;gh_temp_e30_K;horizon_gpc,OK,OK,gh_temp_e30_K,2.757786,13.5,2.757786,10.742214,3.89523117457,389.523117457,10.742214,3.89523117457,0.01,0.02757786,false,numeric_mismatch,4.89523117457,4.89523117457,0.689773205939,true,positive,positive,false,false,false,false,false,false,false,false,false,false,false,false,horizon_gpc,LARGE_NUMERIC_GT100PCT_UNCLASSIFIED,closest_other_field=horizon_gpc
ac523904-da02-4286-b34b-441d9278b9b8,V4,COS_DESITTER_001,Cosmology,Gemma 3 27B IT,FAIL,efolds_to_gh:MISMATCH;gh_temp_e30_K:MISMATCH;horizon_gpc:MISMATCH,efolds_to_gh;gh_temp_e30_K;horizon_gpc,OK,OK,horizon_gpc,4.282749,13.2,4.282749,8.917251,2.0821325275,208.21325275,8.917251,2.0821325275,0.01,0.04282749,false,numeric_mismatch,3.0821325275,3.0821325275,0.488851308854,true,positive,positive,false,false,false,true,false,false,false,false,false,false,false,false,,COMMON_FACTOR_2_OR_PI,
13d804f3-30ad-428a-ad9d-7f48deb28505,V4,COS_DESITTER_001,Cosmology,Mistral Small 3.2 24B Instruct,FAIL,efolds_to_gh:MISMATCH;gh_temp_e30_K:MISMATCH;horizon_gpc:MISMATCH,efolds_to_gh;gh_temp_e30_K;horizon_gpc,OK,OK,horizon_gpc,4.282749,13.2,4.282749,8.917251,2.0821325275,208.21325275,8.917251,2.0821325275,0.01,0.04282749,false,numeric_mismatch,3.0821325275,3.0821325275,0.488851308854,true,positive,positive,false,false,false,true,false,false,false,false,false,false,false,false,,COMMON_FACTOR_2_OR_PI,
7acbd9b4-3991-424a-bd93-53630bd65ae6,V4,GR_PERI_001,General Relativity,Gemma 3 12B IT,FAIL,advance_arcsec_orbit:MISMATCH,advance_arcsec_orbit,OK,OK,advance_arcsec_orbit,0.103516,10.97,0.103516,10.866484,104.973955717,10497.3955717,10.866484,104.973955717,0.01,0.00103516,false,numeric_mismatch,105.973955717,105.973955717,2.02519914566,true,positive,positive,false,false,false,false,false,false,false,false,false,false,false,false,,ORDER_OF_MAGNITUDE_GT10X,gt1000_extreme_subset
1f6f2a74-79ab-47f8-8a96-512a80ae17d9,V4,GR_PERI_001,General Relativity,Gemma 3 27B IT,FAIL,advance_arcsec_century:MISMATCH;advance_arcsec_orbit:MISMATCH,advance_arcsec_century;advance_arcsec_orbit,OK,OK,advance_arcsec_century,42.980208,181.0,42.980208,138.019792,3.21124067152,321.124067152,138.019792,3.21124067152,0.01,0.42980208,false,numeric_mismatch,4.21124067152,4.21124067152,0.624410061968,true,positive,positive,false,false,false,false,false,false,false,false,false,false,false,false,,LARGE_NUMERIC_GT100PCT_UNCLASSIFIED,
1f6f2a74-79ab-47f8-8a96-512a80ae17d9,V4,GR_PERI_001,General Relativity,Gemma 3 27B IT,FAIL,advance_arcsec_century:MISMATCH;advance_arcsec_orbit:MISMATCH,advance_arcsec_century;advance_arcsec_orbit,OK,OK,advance_arcsec_orbit,0.103516,0.435,0.103516,0.331484,3.2022489277,320.22489277,0.331484,3.2022489277,0.01,0.00103516,false,numeric_mismatch,4.2022489277,4.2022489277,0.623481775039,true,positive,positive,false,false,false,false,false,false,false,false,false,false,false,false,,LARGE_NUMERIC_GT100PCT_UNCLASSIFIED,
3048c6ec-b6eb-429b-9e91-09317a088462,V4,GR_PERI_001,General Relativity,Llama 3.1 8B Instruct,FAIL,advance_arcsec_century:MISMATCH;advance_arcsec_orbit:MISMATCH,advance_arcsec_century;advance_arcsec_orbit,OK,OK,advance_arcsec_orbit,0.103516,42.98,0.103516,42.876484,414.201514742,41420.1514742,42.876484,414.201514742,0.01,0.00103516,false,numeric_mismatch,415.201514742,415.201514742,2.61825892924,true,positive,positive,false,false,false,false,false,false,false,false,false,false,false,true,advance_arcsec_century,WRONG_FIELD_SCALE,closest_other_field=advance_arcsec_century;gt1000_extreme_subset
efeb19b9-ea9e-4b95-99d6-6bc144ac375a,V4,GR_PERI_001,General Relativity,Mistral NeMo 12B,FAIL,advance_arcsec_century:MISMATCH;advance_arcsec_orbit:MISMATCH,advance_arcsec_century;advance_arcsec_orbit,OK,OK,advance_arcsec_century,42.980208,1999.9,42.980208,1956.919792,45.5307194418,4553.07194418,1956.919792,45.5307194418,0.01,0.42980208,false,numeric_mismatch,46.5307194418,46.5307194418,1.6677397675,true,positive,positive,false,false,false,false,false,false,false,false,false,false,false,false,orbits_per_century,ORDER_OF_MAGNITUDE_GT10X,closest_other_field=orbits_per_century;gt1000_extreme_subset
efeb19b9-ea9e-4b95-99d6-6bc144ac375a,V4,GR_PERI_001,General Relativity,Mistral NeMo 12B,FAIL,advance_arcsec_century:MISMATCH;advance_arcsec_orbit:MISMATCH,advance_arcsec_century;advance_arcsec_orbit,OK,OK,advance_arcsec_orbit,0.103516,4.78,0.103516,4.676484,45.1764364929,4517.64364929,4.676484,45.1764364929,0.01,0.00103516,false,numeric_mismatch,46.1764364929,46.1764364929,1.6644204147,true,positive,positive,false,false,false,false,false,false,false,false,false,false,false,false,,ORDER_OF_MAGNITUDE_GT10X,gt1000_extreme_subset
f517cb34-37e3-40da-9f4b-b4940a78c319,V4,GR_PERI_001,General Relativity,Mistral Small 3.2 24B Instruct,FAIL,advance_arcsec_orbit:MISMATCH,advance_arcsec_orbit,OK,OK,advance_arcsec_orbit,0.103516,8.74,0.103516,8.636484,83.4313922485,8343.13922485,8.636484,83.4313922485,0.01,0.00103516,false,numeric_mismatch,84.4313922485,84.4313922485,1.92650395072,true,positive,positive,false,false,false,false,false,false,false,false,false,false,false,false,,ORDER_OF_MAGNITUDE_GT10X,gt1000_extreme_subset
ce5ffba6-337f-4787-9fca-5fd406284075,V4,QFT_UNRUH_001,Quantum Field Theory,Gemma 3 12B IT,FAIL,accel_for_1K_e20:MISMATCH;unruh_temp_K:MISMATCH,accel_for_1K_e20;unruh_temp_K,OK,OK,unruh_temp_K,0.405501,2.64,0.405501,2.234499,5.51046483239,551.046483239,2.234499,5.51046483239,0.01,0.00405501,false,numeric_mismatch,6.51046483239,6.51046483239,0.813611997314,true,positive,positive,false,false,false,true,false,false,false,false,false,false,false,true,accel_for_1K_e20,COMMON_FACTOR_2_OR_PI,closest_other_field=accel_for_1K_e20
9a233092-d4f6-4160-a7d0-28edb2dbf792,V4,QFT_UNRUH_001,Quantum Field Theory,Llama 3.1 8B Instruct,FAIL,accel_for_1K_e20:MISMATCH;unruh_temp_K:MISMATCH,accel_for_1K_e20;unruh_temp_K,OK,OK,accel_for_1K_e20,2.466083,183,2.466083,180.533917,73.2067481103,7320.67481103,180.533917,73.2067481103,0.01,0.02466083,false,numeric_mismatch,74.2067481103,74.2067481103,1.87044340034,true,positive,positive,false,false,false,false,false,false,false,false,false,false,false,false,,ORDER_OF_MAGNITUDE_GT10X,gt1000_extreme_subset
9a233092-d4f6-4160-a7d0-28edb2dbf792,V4,QFT_UNRUH_001,Quantum Field Theory,Llama 3.1 8B Instruct,FAIL,accel_for_1K_e20:MISMATCH;unruh_temp_K:MISMATCH,accel_for_1K_e20;unruh_temp_K,OK,OK,unruh_temp_K,0.405501,1.12,0.405501,0.714499,1.76201538344,176.201538344,0.714499,1.76201538344,0.01,0.00405501,false,numeric_mismatch,2.76201538344,2.76201538344,0.441226093115,true,positive,positive,false,false,false,false,false,false,false,false,false,false,false,false,,LARGE_NUMERIC_GT100PCT_UNCLASSIFIED,
b6b32afe-5f66-490d-a564-dbe0d3ddcd66,V4,QFT_UNRUH_001,Quantum Field Theory,Mistral Small 3.2 24B Instruct,FAIL,accel_for_1K_e20:MISMATCH;unruh_temp_K:MISMATCH,accel_for_1K_e20;unruh_temp_K,OK,OK,unruh_temp_K,0.405501,4.00,0.405501,3.594499,8.86434065514,886.434065514,3.594499,8.86434065514,0.01,0.00405501,false,numeric_mismatch,9.86434065514,9.86434065514,0.994068061772,true,positive,positive,false,false,false,false,true,false,false,false,false,false,false,false,accel_for_1K_e20,DECIMAL_OR_POWER_OF_TEN_SCALE,closest_other_field=accel_for_1K_e20
332b6344-a602-4bd9-be3f-788d8b061d0b,V4,QI_HOLEVO_001,Quantum Information Theory,Ministral 3 8B,FAIL,avg_state_purity:MISMATCH;eigenvalue_large:MISMATCH;holevo_chi_bits:UNPARSEABLE:parse-fail:TokenError,avg_state_purity;eigenvalue_large;holevo_chi_bits,OK,OK,avg_state_purity,0.75,\frac{7}{4},0.75,1,1.33333333333,133.333333333,1,1.33333333333,0.01,0.0075,false,numeric_mismatch,2.33333333333,2.33333333333,0.367976785295,true,positive,positive,false,false,false,false,false,false,false,false,false,false,false,false,eigenvalue_large,LARGE_NUMERIC_GT100PCT_UNCLASSIFIED,closest_other_field=eigenvalue_large
35cbf917-fdbe-4d9a-ad8e-72e1515207f8,V4,STAT_LANDAUER_001,Statistical Mechanics,Gemma 3 12B IT,FAIL,landauer_meV:MISMATCH;landauer_zJ:MISMATCH,landauer_meV;landauer_zJ,OK,OK,landauer_zJ,2.870979,29.1,2.870979,26.229021,9.13591530973,913.591530973,26.229021,9.13591530973,0.01,0.02870979,false,numeric_mismatch,10.1359153097,10.1359153097,1.00586297316,true,positive,positive,false,false,false,false,true,false,false,false,false,false,false,false,landauer_meV,DECIMAL_OR_POWER_OF_TEN_SCALE,closest_other_field=landauer_meV
a9f5c35a-ab37-4053-b796-3f9bc9da5c12,V4,STAT_LANDAUER_001,Statistical Mechanics,Mistral NeMo 12B,FAIL,landauer_meV:MISMATCH;landauer_zJ:MISMATCH,landauer_meV;landauer_zJ,OK,OK,landauer_zJ,2.870979,304 \text{ zJ},2.870979,301.129021,104.887225229,10488.7225229,301.129021,104.887225229,0.01,0.02870979,false,numeric_mismatch,105.887225229,105.887225229,2.02484356778,true,positive,positive,false,false,false,false,false,false,false,false,false,false,false,false,landauer_meV,ORDER_OF_MAGNITUDE_GT10X,closest_other_field=landauer_meV;gt1000_extreme_subset
da4ea072-41a1-4b37-b488-090c88c329b3,V4,STAT_LANDAUER_001,Statistical Mechanics,Mistral Small 3.2 24B Instruct,FAIL,landauer_meV:MISMATCH;landauer_zJ:MISMATCH,landauer_meV;landauer_zJ,OK,OK,landauer_zJ,2.870979,28.5,2.870979,25.629021,8.92692736519,892.692736519,25.629021,8.92692736519,0.01,0.02870979,false,numeric_mismatch,9.92692736519,9.92692736519,0.996814844181,true,positive,positive,false,false,false,false,true,false,false,false,false,false,false,false,landauer_meV,DECIMAL_OR_POWER_OF_TEN_SCALE,closest_other_field=landauer_meV
09da2552-f5c9-4b6d-a531-830e1a95ff6b,V5,CM_TOP_001,Classical Mechanics,Llama 3.1 8B Instruct,FAIL,precession_double_spin:MISMATCH;precession_period_s:MISMATCH;precession_rad_s:MISMATCH,precession_double_spin;precession_period_s;precession_rad_s,OK,OK,precession_period_s,1.537171,1005.73,1.537171,1004.192829,653.273337189,65327.3337189,1004.192829,653.273337189,0.01,0.01537171,false,numeric_mismatch,654.273337189,654.273337189,2.81575922238,true,positive,positive,false,false,false,false,false,false,false,false,false,false,false,false,precession_rad_s,ORDER_OF_MAGNITUDE_GT10X,closest_other_field=precession_rad_s;gt1000_extreme_subset
9cabff0f-1401-4d81-a9ab-0c356b747793,V5,CM_TOP_001,Classical Mechanics,Mistral NeMo 12B,FAIL,precession_double_spin:MISMATCH;precession_period_s:MISMATCH;precession_rad_s:MISMATCH,precession_double_spin;precession_period_s;precession_rad_s,OK,OK,precession_period_s,1.537171,75.4 \text{ s},1.537171,73.862829,48.0511465543,4805.11465543,73.862829,48.0511465543,0.01,0.01537171,false,numeric_mismatch,49.0511465543,49.0511465543,1.69064916332,true,positive,positive,false,false,false,false,false,false,false,false,false,false,false,false,precession_rad_s,ORDER_OF_MAGNITUDE_GT10X,closest_other_field=precession_rad_s;gt1000_extreme_subset
5f80e95a-cfa7-40e3-8d99-042b87848d45,V5,COS_AGE_001,Cosmology,Mistral NeMo 12B,FAIL,hubble_time_gyr:MISMATCH;lcdm_age_gyr:MISMATCH;matter_age_gyr:MISMATCH,hubble_time_gyr;lcdm_age_gyr;matter_age_gyr,OK,OK,matter_age_gyr,9.312307,46.67,9.312307,37.357693,4.01164748971,401.164748971,37.357693,4.01164748971,0.01,0.09312307,false,numeric_mismatch,5.01164748971,5.01164748971,0.699980515902,true,positive,positive,false,false,false,false,false,false,false,false,false,false,false,false,hubble_time_gyr,LARGE_NUMERIC_GT100PCT_UNCLASSIFIED,closest_other_field=hubble_time_gyr
d1f4f249-9011-47a1-bde1-4890e97d7e39,V5,GR_CHIRP_001,General Relativity,Gemma 4 31B IT,FAIL,chirp_mass_msun:MISMATCH;each_mass_msun:MISMATCH;total_mass_msun:MISMATCH,chirp_mass_msun;each_mass_msun;total_mass_msun,OK,OK,chirp_mass_msun,28,114.58,28,86.58,3.09214285714,309.214285714,86.58,3.09214285714,0.01,0.28,false,numeric_mismatch,4.09214285714,4.09214285714,0.611950786571,true,positive,positive,false,false,false,false,false,false,false,false,false,false,false,false,total_mass_msun,LARGE_NUMERIC_GT100PCT_UNCLASSIFIED,closest_other_field=total_mass_msun
d1f4f249-9011-47a1-bde1-4890e97d7e39,V5,GR_CHIRP_001,General Relativity,Gemma 4 31B IT,FAIL,chirp_mass_msun:MISMATCH;each_mass_msun:MISMATCH;total_mass_msun:MISMATCH,chirp_mass_msun;each_mass_msun;total_mass_msun,OK,OK,each_mass_msun,32.163554,131.64,32.163554,99.476446,3.09283128351,309.283128351,99.476446,3.09283128351,0.01,0.32163554,false,numeric_mismatch,4.09283128351,4.09283128351,0.612023842336,true,positive,positive,false,false,false,false,false,false,false,false,false,false,false,false,total_mass_msun,LARGE_NUMERIC_GT100PCT_UNCLASSIFIED,closest_other_field=total_mass_msun
d1f4f249-9011-47a1-bde1-4890e97d7e39,V5,GR_CHIRP_001,General Relativity,Gemma 4 31B IT,FAIL,chirp_mass_msun:MISMATCH;each_mass_msun:MISMATCH;total_mass_msun:MISMATCH,chirp_mass_msun;each_mass_msun;total_mass_msun,OK,OK,total_mass_msun,64.327108,263.28,64.327108,198.952892,3.09283128351,309.283128351,198.952892,3.09283128351,0.01,0.64327108,false,numeric_mismatch,4.09283128351,4.09283128351,0.612023842336,true,positive,positive,false,false,false,false,false,false,false,false,false,false,false,false,,LARGE_NUMERIC_GT100PCT_UNCLASSIFIED,
bcbdf68a-a219-4179-9226-2cb50ec078cd,V5,QM_RT_001,Quantum Mechanics,Gemma 3 12B IT,FAIL,energy_unit_ev:MISMATCH;first_resonance_ev:MISMATCH,energy_unit_ev;first_resonance_ev,OK,OK,energy_unit_ev,2.350189,22.9,2.350189,20.549811,8.74389719295,874.389719295,20.549811,8.74389719295,0.02,0.04700378,false,numeric_mismatch,9.74389719295,9.74389719295,0.988732693108,true,positive,positive,false,false,false,false,true,false,false,false,false,false,false,false,first_resonance_ev,DECIMAL_OR_POWER_OF_TEN_SCALE,closest_other_field=first_resonance_ev
bcbdf68a-a219-4179-9226-2cb50ec078cd,V5,QM_RT_001,Quantum Mechanics,Gemma 3 12B IT,FAIL,energy_unit_ev:MISMATCH;first_resonance_ev:MISMATCH,energy_unit_ev;first_resonance_ev,OK,OK,first_resonance_ev,11.151697,186.1,11.151697,174.948303,15.6880430844,1568.80430844,174.948303,15.6880430844,0.02,0.22303394,false,numeric_mismatch,16.6880430844,16.6880430844,1.22240541232,true,positive,positive,false,false,false,false,false,false,false,false,false,false,false,false,,ORDER_OF_MAGNITUDE_GT10X,gt1000_extreme_subset
8e410338-dd01-4f15-bb14-db80d59a5d02,V5,QM_RT_001,Quantum Mechanics,Gemma 3 27B IT,FAIL,energy_unit_ev:MISMATCH;first_resonance_ev:MISMATCH,energy_unit_ev;first_resonance_ev,OK,OK,energy_unit_ev,2.350189,33.2,2.350189,30.849811,13.1265234413,1312.65234413,30.849811,13.1265234413,0.02,0.04700378,false,numeric_mismatch,14.1265234413,14.1265234413,1.15003529447,true,positive,positive,false,false,false,false,false,false,false,false,false,false,false,false,first_resonance_ev,ORDER_OF_MAGNITUDE_GT10X,closest_other_field=first_resonance_ev;gt1000_extreme_subset
8e410338-dd01-4f15-bb14-db80d59a5d02,V5,QM_RT_001,Quantum Mechanics,Gemma 3 27B IT,FAIL,energy_unit_ev:MISMATCH;first_resonance_ev:MISMATCH,energy_unit_ev;first_resonance_ev,OK,OK,first_resonance_ev,11.151697,288.8,11.151697,277.648303,24.8974037763,2489.74037763,277.648303,24.8974037763,0.02,0.22303394,false,numeric_mismatch,25.8974037763,25.8974037763,1.41325622809,true,positive,positive,false,false,false,false,false,false,false,false,false,false,false,false,,ORDER_OF_MAGNITUDE_GT10X,gt1000_extreme_subset
c77d4a05-8f45-4584-89a7-4f848310ffcd,V5,QM_RT_001,Quantum Mechanics,Ministral 3 8B,FAIL,energy_unit_ev:MISMATCH;first_resonance_ev:MISMATCH,energy_unit_ev;first_resonance_ev,OK,OK,energy_unit_ev,2.350189,9.47,2.350189,7.119811,3.02946316232,302.946316232,7.119811,3.02946316232,0.02,0.04700378,false,numeric_mismatch,4.02946316232,4.02946316232,0.605247189771,true,positive,positive,false,false,false,false,false,false,false,false,false,false,false,true,first_resonance_ev,WRONG_FIELD_SCALE,closest_other_field=first_resonance_ev
c77d4a05-8f45-4584-89a7-4f848310ffcd,V5,QM_RT_001,Quantum Mechanics,Ministral 3 8B,FAIL,energy_unit_ev:MISMATCH;first_resonance_ev:MISMATCH,energy_unit_ev;first_resonance_ev,OK,OK,first_resonance_ev,11.151697,77.23,11.151697,66.078303,5.92540337134,592.540337134,66.078303,5.92540337134,0.02,0.22303394,false,numeric_mismatch,6.92540337134,6.92540337134,0.840445074032,true,positive,positive,false,false,false,false,false,false,false,false,false,false,false,false,,LARGE_NUMERIC_GT100PCT_UNCLASSIFIED,
d765a40d-fb04-4ffc-9811-18c108bbbc6d,V5,QM_RT_001,Quantum Mechanics,Mistral Small 3.2 24B Instruct,FAIL,energy_unit_ev:MISMATCH;first_resonance_ev:MISMATCH,energy_unit_ev;first_resonance_ev,OK,OK,energy_unit_ev,2.350189,7.65,2.350189,5.299811,2.25505735922,225.505735922,5.299811,2.25505735922,0.02,0.04700378,false,numeric_mismatch,3.25505735922,3.25505735922,0.512558645922,true,positive,positive,false,false,false,true,false,false,false,false,false,false,false,false,first_resonance_ev,COMMON_FACTOR_2_OR_PI,closest_other_field=first_resonance_ev
d765a40d-fb04-4ffc-9811-18c108bbbc6d,V5,QM_RT_001,Quantum Mechanics,Mistral Small 3.2 24B Instruct,FAIL,energy_unit_ev:MISMATCH;first_resonance_ev:MISMATCH,energy_unit_ev;first_resonance_ev,OK,OK,first_resonance_ev,11.151697,60.9,11.151697,49.748303,4.46105225061,446.105225061,49.748303,4.46105225061,0.02,0.22303394,false,numeric_mismatch,5.46105225061,5.46105225061,0.737276331827,true,positive,positive,false,false,false,false,false,false,false,false,false,false,false,false,,LARGE_NUMERIC_GT100PCT_UNCLASSIFIED,
f6e77e0c-96ad-45a5-85ab-996fd74634d8,V5,STAT_NEGT_001,Statistical Mechanics,Mistral NeMo 12B,FAIL,abs_temperature_K:MISMATCH;temperature_K:MISMATCH,abs_temperature_K;temperature_K,OK,OK,abs_temperature_K,1.318567,1.41 \times 10^3,1.318567,1408.681433,1068.3427031,106834.27031,1408.681433,1068.3427031,0.01,0.01318567,false,numeric_mismatch,1069.3427031,1069.3427031,3.02911691027,true,positive,positive,false,false,false,false,false,false,false,false,false,false,false,false,,ORDER_OF_MAGNITUDE_GT10X,gt1000_extreme_subset
f6e77e0c-96ad-45a5-85ab-996fd74634d8,V5,STAT_NEGT_001,Statistical Mechanics,Mistral NeMo 12B,FAIL,abs_temperature_K:MISMATCH;temperature_K:MISMATCH,abs_temperature_K;temperature_K,OK,OK,temperature_K,-1.318567,-1.41 \times 10^3,1.318567,1408.681433,1068.3427031,106834.27031,-1408.681433,-1068.3427031,0.01,0.01318567,false,numeric_mismatch,1069.3427031,1069.3427031,3.02911691027,true,negative,negative,false,false,false,false,false,false,false,false,false,false,false,false,,ORDER_OF_MAGNITUDE_GT10X,gt1000_extreme_subset
